,Semiconductor,isPartial
2012-01-01,21.66,False
2012-01-02,29.64,False
2012-01-03,38.76,False
2012-01-04,48.45,False
2012-01-05,42.18,False
2012-01-06,42.75,False
2012-01-07,25.08,False
2012-01-08,24.51,False
2012-01-09,45.6,False
2012-01-10,48.45,False
2012-01-11,49.59,False
2012-01-12,51.3,False
2012-01-13,47.88,False
2012-01-14,22.8,False
2012-01-15,20.52,False
2012-01-16,45.6,False
2012-01-17,44.46,False
2012-01-18,49.59,False
2012-01-19,49.59,False
2012-01-20,46.74,False
2012-01-21,25.65,False
2012-01-22,27.93,False
2012-01-23,41.61,False
2012-01-24,49.59,False
2012-01-25,47.88,False
2012-01-26,46.17,False
2012-01-27,47.88,False
2012-01-28,26.22,False
2012-01-29,26.22,False
2012-01-30,47.88,False
2012-01-31,57.0,False
2012-02-01,58.9,False
2012-02-02,58.28,False
2012-02-03,55.18,False
2012-02-04,30.38,False
2012-02-05,31.62,False
2012-02-06,55.8,False
2012-02-07,57.04,False
2012-02-08,58.9,False
2012-02-09,58.28,False
2012-02-10,52.7,False
2012-02-11,33.48,False
2012-02-12,27.28,False
2012-02-13,53.94,False
2012-02-14,52.08,False
2012-02-15,61.38,False
2012-02-16,52.7,False
2012-02-17,53.32,False
2012-02-18,28.52,False
2012-02-19,31.0,False
2012-02-20,50.22,False
2012-02-21,62.0,False
2012-02-22,58.9,False
2012-02-23,57.04,False
2012-02-24,52.7,False
2012-02-25,24.18,False
2012-02-26,31.62,False
2012-02-27,58.28,False
2012-02-28,59.52,False
2012-02-29,55.18,False
2012-03-01,57.0,False
2012-03-02,52.8,False
2012-03-03,32.4,False
2012-03-04,32.4,False
2012-03-05,60.0,False
2012-03-06,55.2,False
2012-03-07,54.6,False
2012-03-08,54.6,False
2012-03-09,50.4,False
2012-03-10,30.6,False
2012-03-11,32.4,False
2012-03-12,55.8,False
2012-03-13,50.4,False
2012-03-14,50.4,False
2012-03-15,52.8,False
2012-03-16,48.6,False
2012-03-17,31.8,False
2012-03-18,31.8,False
2012-03-19,52.2,False
2012-03-20,51.0,False
2012-03-21,51.6,False
2012-03-22,55.2,False
2012-03-23,45.6,False
2012-03-24,23.4,False
2012-03-25,26.4,False
2012-03-26,48.6,False
2012-03-27,49.2,False
2012-03-28,51.6,False
2012-03-29,55.2,False
2012-03-30,43.2,False
2012-03-31,25.8,False
2012-04-01,22.23,False
2012-04-02,40.47,False
2012-04-03,54.15,False
2012-04-04,53.01,False
2012-04-05,46.17,False
2012-04-06,38.19,False
2012-04-07,19.38,False
2012-04-08,23.94,False
2012-04-09,41.04,False
2012-04-10,51.87,False
2012-04-11,42.75,False
2012-04-12,48.45,False
2012-04-13,42.75,False
2012-04-14,22.23,False
2012-04-15,29.07,False
2012-04-16,47.88,False
2012-04-17,51.3,False
2012-04-18,50.73,False
2012-04-19,49.02,False
2012-04-20,46.74,False
2012-04-21,30.21,False
2012-04-22,34.77,False
2012-04-23,46.17,False
2012-04-24,51.87,False
2012-04-25,55.86,False
2012-04-26,57.0,False
2012-04-27,49.02,False
2012-04-28,34.2,False
2012-04-29,27.36,False
2012-04-30,49.02,False
2012-05-01,53.32,False
2012-05-02,62.0,False
2012-05-03,57.66,False
2012-05-04,49.6,False
2012-05-05,33.48,False
2012-05-06,35.34,False
2012-05-07,53.32,False
2012-05-08,58.28,False
2012-05-09,52.7,False
2012-05-10,57.04,False
2012-05-11,51.46,False
2012-05-12,29.76,False
2012-05-13,31.0,False
2012-05-14,54.56,False
2012-05-15,57.04,False
2012-05-16,55.18,False
2012-05-17,57.04,False
2012-05-18,48.36,False
2012-05-19,30.38,False
2012-05-20,30.38,False
2012-05-21,52.7,False
2012-05-22,53.32,False
2012-05-23,53.94,False
2012-05-24,53.94,False
2012-05-25,52.08,False
2012-05-26,32.24,False
2012-05-27,26.04,False
2012-05-28,40.92,False
2012-05-29,50.22,False
2012-05-30,48.36,False
2012-05-31,48.98,False
2012-06-01,43.2,False
2012-06-02,26.46,False
2012-06-03,28.62,False
2012-06-04,44.82,False
2012-06-05,54.0,False
2012-06-06,46.44,False
2012-06-07,51.3,False
2012-06-08,50.76,False
2012-06-09,25.38,False
2012-06-10,31.86,False
2012-06-11,46.98,False
2012-06-12,50.22,False
2012-06-13,50.76,False
2012-06-14,51.3,False
2012-06-15,50.22,False
2012-06-16,24.3,False
2012-06-17,28.62,False
2012-06-18,51.3,False
2012-06-19,49.14,False
2012-06-20,50.76,False
2012-06-21,44.28,False
2012-06-22,45.36,False
2012-06-23,25.92,False
2012-06-24,28.62,False
2012-06-25,48.06,False
2012-06-26,51.84,False
2012-06-27,43.2,False
2012-06-28,43.2,False
2012-06-29,41.58,False
2012-06-30,28.62,False
2012-07-01,25.52,False
2012-07-02,42.34,False
2012-07-03,53.94,False
2012-07-04,42.92,False
2012-07-05,49.88,False
2012-07-06,42.34,False
2012-07-07,24.36,False
2012-07-08,24.94,False
2012-07-09,46.98,False
2012-07-10,52.78,False
2012-07-11,48.72,False
2012-07-12,58.0,False
2012-07-13,53.36,False
2012-07-14,26.68,False
2012-07-15,34.22,False
2012-07-16,56.26,False
2012-07-17,56.26,False
2012-07-18,56.84,False
2012-07-19,51.62,False
2012-07-20,45.82,False
2012-07-21,26.1,False
2012-07-22,33.64,False
2012-07-23,50.46,False
2012-07-24,55.68,False
2012-07-25,53.36,False
2012-07-26,49.3,False
2012-07-27,46.98,False
2012-07-28,28.42,False
2012-07-29,30.74,False
2012-07-30,49.88,False
2012-07-31,53.94,False
2012-08-01,42.75,False
2012-08-02,47.88,False
2012-08-03,42.18,False
2012-08-04,27.36,False
2012-08-05,28.5,False
2012-08-06,44.46,False
2012-08-07,54.15,False
2012-08-08,53.01,False
2012-08-09,53.01,False
2012-08-10,42.75,False
2012-08-11,29.64,False
2012-08-12,32.49,False
2012-08-13,53.01,False
2012-08-14,53.58,False
2012-08-15,49.59,False
2012-08-16,47.31,False
2012-08-17,46.17,False
2012-08-18,27.93,False
2012-08-19,23.37,False
2012-08-20,51.3,False
2012-08-21,50.16,False
2012-08-22,57.0,False
2012-08-23,55.86,False
2012-08-24,52.44,False
2012-08-25,30.21,False
2012-08-26,31.35,False
2012-08-27,52.44,False
2012-08-28,53.01,False
2012-08-29,51.3,False
2012-08-30,49.02,False
2012-08-31,44.46,False
2012-09-01,31.8,False
2012-09-02,27.6,False
2012-09-03,44.4,False
2012-09-04,47.4,False
2012-09-05,57.6,False
2012-09-06,56.4,False
2012-09-07,56.4,False
2012-09-08,25.8,False
2012-09-09,30.6,False
2012-09-10,54.6,False
2012-09-11,57.6,False
2012-09-12,52.8,False
2012-09-13,52.2,False
2012-09-14,44.4,False
2012-09-15,33.0,False
2012-09-16,31.2,False
2012-09-17,48.6,False
2012-09-18,51.6,False
2012-09-19,45.0,False
2012-09-20,49.8,False
2012-09-21,49.2,False
2012-09-22,28.2,False
2012-09-23,27.6,False
2012-09-24,60.0,False
2012-09-25,52.2,False
2012-09-26,55.2,False
2012-09-27,54.0,False
2012-09-28,50.4,False
2012-09-29,29.4,False
2012-09-30,26.4,False
2012-10-01,51.87,False
2012-10-02,57.0,False
2012-10-03,54.72,False
2012-10-04,50.73,False
2012-10-05,50.16,False
2012-10-06,27.93,False
2012-10-07,27.36,False
2012-10-08,48.45,False
2012-10-09,52.44,False
2012-10-10,54.72,False
2012-10-11,50.73,False
2012-10-12,47.31,False
2012-10-13,28.5,False
2012-10-14,27.93,False
2012-10-15,47.31,False
2012-10-16,53.01,False
2012-10-17,46.74,False
2012-10-18,50.73,False
2012-10-19,47.88,False
2012-10-20,32.49,False
2012-10-21,29.07,False
2012-10-22,47.31,False
2012-10-23,46.17,False
2012-10-24,47.31,False
2012-10-25,39.33,False
2012-10-26,46.74,False
2012-10-27,27.93,False
2012-10-28,24.51,False
2012-10-29,47.31,False
2012-10-30,49.59,False
2012-10-31,48.45,False
2012-11-01,47.94,False
2012-11-02,42.33,False
2012-11-03,27.03,False
2012-11-04,30.6,False
2012-11-05,48.45,False
2012-11-06,50.49,False
2012-11-07,51.0,False
2012-11-08,46.41,False
2012-11-09,49.47,False
2012-11-10,24.99,False
2012-11-11,28.05,False
2012-11-12,48.96,False
2012-11-13,43.86,False
2012-11-14,47.43,False
2012-11-15,45.39,False
2012-11-16,43.35,False
2012-11-17,30.6,False
2012-11-18,23.46,False
2012-11-19,43.86,False
2012-11-20,45.9,False
2012-11-21,43.35,False
2012-11-22,37.74,False
2012-11-23,32.13,False
2012-11-24,26.52,False
2012-11-25,27.03,False
2012-11-26,46.41,False
2012-11-27,48.45,False
2012-11-28,46.41,False
2012-11-29,51.0,False
2012-11-30,47.94,False
2012-12-01,28.06,False
2012-12-02,27.6,False
2012-12-03,46.0,False
2012-12-04,43.7,False
2012-12-05,41.4,False
2012-12-06,45.08,False
2012-12-07,40.94,False
2012-12-08,26.22,False
2012-12-09,23.0,False
2012-12-10,43.24,False
2012-12-11,44.16,False
2012-12-12,41.4,False
2012-12-13,43.7,False
2012-12-14,39.56,False
2012-12-15,27.14,False
2012-12-16,21.62,False
2012-12-17,40.02,False
2012-12-18,44.16,False
2012-12-19,40.48,False
2012-12-20,36.8,False
2012-12-21,33.58,False
2012-12-22,19.78,False
2012-12-23,15.64,False
2012-12-24,24.38,False
2012-12-25,24.84,False
2012-12-26,27.6,False
2012-12-27,35.88,False
2012-12-28,29.44,False
2012-12-29,23.0,False
2012-12-30,21.16,False
2012-12-31,26.22,False
2013-01-01,27.0,False
2013-01-02,40.5,False
2013-01-03,42.66,False
2013-01-04,41.04,False
2013-01-05,25.92,False
2013-01-06,27.0,False
2013-01-07,46.98,False
2013-01-08,48.06,False
2013-01-09,43.74,False
2013-01-10,54.0,False
2013-01-11,42.12,False
2013-01-12,29.7,False
2013-01-13,27.0,False
2013-01-14,42.66,False
2013-01-15,51.3,False
2013-01-16,48.06,False
2013-01-17,51.3,False
2013-01-18,38.34,False
2013-01-19,26.46,False
2013-01-20,25.92,False
2013-01-21,44.28,False
2013-01-22,48.06,False
2013-01-23,49.68,False
2013-01-24,48.6,False
2013-01-25,47.52,False
2013-01-26,28.08,False
2013-01-27,28.62,False
2013-01-28,45.9,False
2013-01-29,52.38,False
2013-01-30,54.0,False
2013-01-31,49.14,False
2013-02-01,37.7,False
2013-02-02,23.2,False
2013-02-03,15.66,False
2013-02-04,37.7,False
2013-02-05,40.6,False
2013-02-06,58.0,False
2013-02-07,46.4,False
2013-02-08,38.86,False
2013-02-09,22.04,False
2013-02-10,25.52,False
2013-02-11,37.12,False
2013-02-12,38.86,False
2013-02-13,34.8,False
2013-02-14,36.54,False
2013-02-15,34.8,False
2013-02-16,22.62,False
2013-02-17,23.2,False
2013-02-18,36.54,False
2013-02-19,40.6,False
2013-02-20,40.6,False
2013-02-21,38.28,False
2013-02-22,37.12,False
2013-02-23,21.46,False
2013-02-24,20.88,False
2013-02-25,37.7,False
2013-02-26,37.7,False
2013-02-27,37.7,False
2013-02-28,38.28,False
2013-03-01,44.55,False
2013-03-02,29.7,False
2013-03-03,31.35,False
2013-03-04,52.25,False
2013-03-05,55.0,False
2013-03-06,47.3,False
2013-03-07,48.4,False
2013-03-08,44.0,False
2013-03-09,27.5,False
2013-03-10,23.1,False
2013-03-11,47.85,False
2013-03-12,55.0,False
2013-03-13,47.3,False
2013-03-14,53.35,False
2013-03-15,48.95,False
2013-03-16,26.4,False
2013-03-17,25.3,False
2013-03-18,50.6,False
2013-03-19,50.6,False
2013-03-20,49.5,False
2013-03-21,48.95,False
2013-03-22,40.7,False
2013-03-23,23.1,False
2013-03-24,26.95,False
2013-03-25,44.55,False
2013-03-26,46.2,False
2013-03-27,45.1,False
2013-03-28,41.8,False
2013-03-29,32.45,False
2013-03-30,26.95,False
2013-03-31,26.4,False
2013-04-01,43.74,False
2013-04-02,46.98,False
2013-04-03,44.28,False
2013-04-04,47.52,False
2013-04-05,41.04,False
2013-04-06,24.3,False
2013-04-07,28.08,False
2013-04-08,46.44,False
2013-04-09,49.68,False
2013-04-10,47.52,False
2013-04-11,49.68,False
2013-04-12,44.82,False
2013-04-13,24.84,False
2013-04-14,27.0,False
2013-04-15,49.14,False
2013-04-16,54.0,False
2013-04-17,48.06,False
2013-04-18,49.14,False
2013-04-19,48.06,False
2013-04-20,25.92,False
2013-04-21,28.62,False
2013-04-22,46.98,False
2013-04-23,51.84,False
2013-04-24,50.22,False
2013-04-25,44.28,False
2013-04-26,45.36,False
2013-04-27,23.76,False
2013-04-28,26.46,False
2013-04-29,43.74,False
2013-04-30,45.9,False
2013-05-01,40.29,False
2013-05-02,45.9,False
2013-05-03,45.9,False
2013-05-04,26.01,False
2013-05-05,28.05,False
2013-05-06,43.35,False
2013-05-07,51.0,False
2013-05-08,51.0,False
2013-05-09,43.35,False
2013-05-10,38.76,False
2013-05-11,26.01,False
2013-05-12,25.5,False
2013-05-13,42.33,False
2013-05-14,46.92,False
2013-05-15,48.45,False
2013-05-16,42.33,False
2013-05-17,44.37,False
2013-05-18,21.93,False
2013-05-19,29.58,False
2013-05-20,42.84,False
2013-05-21,45.39,False
2013-05-22,43.35,False
2013-05-23,45.39,False
2013-05-24,34.68,False
2013-05-25,21.93,False
2013-05-26,29.07,False
2013-05-27,36.21,False
2013-05-28,42.84,False
2013-05-29,43.86,False
2013-05-30,45.39,False
2013-05-31,41.31,False
2013-06-01,22.5,False
2013-06-02,24.75,False
2013-06-03,35.55,False
2013-06-04,44.55,False
2013-06-05,40.5,False
2013-06-06,36.0,False
2013-06-07,34.65,False
2013-06-08,21.6,False
2013-06-09,21.15,False
2013-06-10,40.05,False
2013-06-11,41.4,False
2013-06-12,45.0,False
2013-06-13,41.85,False
2013-06-14,39.6,False
2013-06-15,18.45,False
2013-06-16,21.15,False
2013-06-17,40.05,False
2013-06-18,40.95,False
2013-06-19,39.6,False
2013-06-20,40.95,False
2013-06-21,32.85,False
2013-06-22,22.05,False
2013-06-23,22.5,False
2013-06-24,39.15,False
2013-06-25,37.35,False
2013-06-26,40.05,False
2013-06-27,37.8,False
2013-06-28,34.2,False
2013-06-29,19.8,False
2013-06-30,19.8,False
2013-07-01,39.84,False
2013-07-02,46.08,False
2013-07-03,46.08,False
2013-07-04,30.24,False
2013-07-05,32.16,False
2013-07-06,23.04,False
2013-07-07,25.44,False
2013-07-08,42.72,False
2013-07-09,41.28,False
2013-07-10,41.28,False
2013-07-11,41.76,False
2013-07-12,44.16,False
2013-07-13,24.0,False
2013-07-14,20.64,False
2013-07-15,42.24,False
2013-07-16,44.16,False
2013-07-17,38.88,False
2013-07-18,43.68,False
2013-07-19,44.64,False
2013-07-20,21.6,False
2013-07-21,23.52,False
2013-07-22,46.56,False
2013-07-23,41.28,False
2013-07-24,48.0,False
2013-07-25,43.68,False
2013-07-26,35.52,False
2013-07-27,25.44,False
2013-07-28,24.96,False
2013-07-29,43.68,False
2013-07-30,45.6,False
2013-07-31,43.2,False
2013-08-01,46.56,False
2013-08-02,47.04,False
2013-08-03,23.04,False
2013-08-04,22.56,False
2013-08-05,39.84,False
2013-08-06,41.28,False
2013-08-07,48.0,False
2013-08-08,36.48,False
2013-08-09,34.56,False
2013-08-10,23.04,False
2013-08-11,25.44,False
2013-08-12,37.92,False
2013-08-13,42.72,False
2013-08-14,40.8,False
2013-08-15,38.4,False
2013-08-16,36.48,False
2013-08-17,22.56,False
2013-08-18,23.04,False
2013-08-19,39.36,False
2013-08-20,40.8,False
2013-08-21,41.28,False
2013-08-22,37.44,False
2013-08-23,38.88,False
2013-08-24,23.04,False
2013-08-25,24.0,False
2013-08-26,41.28,False
2013-08-27,44.64,False
2013-08-28,40.32,False
2013-08-29,44.16,False
2013-08-30,36.0,False
2013-08-31,20.16,False
2013-09-01,23.0,False
2013-09-02,33.5,False
2013-09-03,46.0,False
2013-09-04,43.0,False
2013-09-05,43.0,False
2013-09-06,45.0,False
2013-09-07,21.0,False
2013-09-08,25.5,False
2013-09-09,44.5,False
2013-09-10,48.0,False
2013-09-11,45.0,False
2013-09-12,49.0,False
2013-09-13,40.5,False
2013-09-14,23.5,False
2013-09-15,25.5,False
2013-09-16,38.5,False
2013-09-17,45.5,False
2013-09-18,46.0,False
2013-09-19,42.5,False
2013-09-20,38.5,False
2013-09-21,23.0,False
2013-09-22,26.0,False
2013-09-23,40.5,False
2013-09-24,50.0,False
2013-09-25,46.5,False
2013-09-26,46.0,False
2013-09-27,44.0,False
2013-09-28,27.0,False
2013-09-29,26.0,False
2013-09-30,44.0,False
2013-10-01,44.88,False
2013-10-02,43.86,False
2013-10-03,40.8,False
2013-10-04,41.82,False
2013-10-05,29.07,False
2013-10-06,26.52,False
2013-10-07,42.84,False
2013-10-08,51.0,False
2013-10-09,44.37,False
2013-10-10,43.35,False
2013-10-11,39.78,False
2013-10-12,25.5,False
2013-10-13,25.5,False
2013-10-14,39.27,False
2013-10-15,41.31,False
2013-10-16,45.39,False
2013-10-17,44.37,False
2013-10-18,40.29,False
2013-10-19,23.46,False
2013-10-20,26.52,False
2013-10-21,47.94,False
2013-10-22,44.88,False
2013-10-23,44.88,False
2013-10-24,48.96,False
2013-10-25,40.8,False
2013-10-26,26.01,False
2013-10-27,26.01,False
2013-10-28,42.33,False
2013-10-29,47.43,False
2013-10-30,45.39,False
2013-10-31,43.86,False
2013-11-01,32.9,False
2013-11-02,17.39,False
2013-11-03,20.21,False
2013-11-04,40.89,False
2013-11-05,38.54,False
2013-11-06,45.59,False
2013-11-07,41.83,False
2013-11-08,40.89,False
2013-11-09,23.03,False
2013-11-10,23.03,False
2013-11-11,40.42,False
2013-11-12,43.24,False
2013-11-13,44.18,False
2013-11-14,39.95,False
2013-11-15,41.83,False
2013-11-16,25.85,False
2013-11-17,27.26,False
2013-11-18,42.77,False
2013-11-19,43.71,False
2013-11-20,42.77,False
2013-11-21,47.0,False
2013-11-22,39.95,False
2013-11-23,20.68,False
2013-11-24,24.91,False
2013-11-25,40.42,False
2013-11-26,40.42,False
2013-11-27,40.42,False
2013-11-28,34.78,False
2013-11-29,28.67,False
2013-11-30,21.15,False
2013-12-01,22.88,False
2013-12-02,37.4,False
2013-12-03,43.56,False
2013-12-04,43.56,False
2013-12-05,44.0,False
2013-12-06,40.04,False
2013-12-07,23.32,False
2013-12-08,22.88,False
2013-12-09,39.6,False
2013-12-10,40.92,False
2013-12-11,43.56,False
2013-12-12,38.28,False
2013-12-13,33.44,False
2013-12-14,21.12,False
2013-12-15,24.2,False
2013-12-16,40.92,False
2013-12-17,40.48,False
2013-12-18,43.56,False
2013-12-19,38.28,False
2013-12-20,30.36,False
2013-12-21,19.8,False
2013-12-22,16.72,False
2013-12-23,29.92,False
2013-12-24,27.72,False
2013-12-25,18.92,False
2013-12-26,26.84,False
2013-12-27,28.16,False
2013-12-28,20.68,False
2013-12-29,17.6,False
2013-12-30,30.36,False
2013-12-31,25.08,False
2014-01-01,19.6,False
2014-01-02,35.77,False
2014-01-03,34.3,False
2014-01-04,21.56,False
2014-01-05,22.54,False
2014-01-06,37.73,False
2014-01-07,47.53,False
2014-01-08,49.0,False
2014-01-09,45.08,False
2014-01-10,36.26,False
2014-01-11,21.07,False
2014-01-12,24.01,False
2014-01-13,43.12,False
2014-01-14,42.14,False
2014-01-15,43.61,False
2014-01-16,44.59,False
2014-01-17,40.67,False
2014-01-18,24.99,False
2014-01-19,25.97,False
2014-01-20,38.71,False
2014-01-21,47.04,False
2014-01-22,47.04,False
2014-01-23,48.02,False
2014-01-24,44.1,False
2014-01-25,23.03,False
2014-01-26,27.44,False
2014-01-27,42.63,False
2014-01-28,44.59,False
2014-01-29,40.18,False
2014-01-30,38.71,False
2014-01-31,39.69,False
2014-02-01,25.44,False
2014-02-02,22.79,False
2014-02-03,40.81,False
2014-02-04,45.58,False
2014-02-05,44.52,False
2014-02-06,36.04,False
2014-02-07,50.35,False
2014-02-08,26.5,False
2014-02-09,25.97,False
2014-02-10,42.93,False
2014-02-11,53.0,False
2014-02-12,46.64,False
2014-02-13,47.17,False
2014-02-14,44.52,False
2014-02-15,23.32,False
2014-02-16,27.56,False
2014-02-17,45.58,False
2014-02-18,46.64,False
2014-02-19,52.47,False
2014-02-20,46.11,False
2014-02-21,38.69,False
2014-02-22,29.15,False
2014-02-23,24.91,False
2014-02-24,51.41,False
2014-02-25,50.88,False
2014-02-26,45.05,False
2014-02-27,47.17,False
2014-02-28,39.75,False
2014-03-01,14.49,False
2014-03-02,15.18,False
2014-03-03,28.29,False
2014-03-04,33.12,False
2014-03-05,28.98,False
2014-03-06,30.36,False
2014-03-07,26.91,False
2014-03-08,24.84,False
2014-03-09,69.0,False
2014-03-10,50.37,False
2014-03-11,39.33,False
2014-03-12,40.02,False
2014-03-13,37.95,False
2014-03-14,35.88,False
2014-03-15,33.12,False
2014-03-16,29.67,False
2014-03-17,39.33,False
2014-03-18,40.02,False
2014-03-19,37.26,False
2014-03-20,34.5,False
2014-03-21,28.29,False
2014-03-22,20.01,False
2014-03-23,19.32,False
2014-03-24,33.12,False
2014-03-25,39.33,False
2014-03-26,40.02,False
2014-03-27,37.95,False
2014-03-28,33.81,False
2014-03-29,20.7,False
2014-03-30,21.39,False
2014-03-31,35.19,False
2014-04-01,51.87,False
2014-04-02,57.0,False
2014-04-03,51.3,False
2014-04-04,42.18,False
2014-04-05,27.93,False
2014-04-06,28.5,False
2014-04-07,42.75,False
2014-04-08,47.31,False
2014-04-09,45.6,False
2014-04-10,47.31,False
2014-04-11,43.89,False
2014-04-12,28.5,False
2014-04-13,25.08,False
2014-04-14,42.75,False
2014-04-15,42.18,False
2014-04-16,40.47,False
2014-04-17,38.19,False
2014-04-18,33.63,False
2014-04-19,20.52,False
2014-04-20,25.08,False
2014-04-21,37.62,False
2014-04-22,42.75,False
2014-04-23,43.32,False
2014-04-24,44.46,False
2014-04-25,42.75,False
2014-04-26,25.08,False
2014-04-27,26.22,False
2014-04-28,42.75,False
2014-04-29,39.9,False
2014-04-30,39.9,False
2014-05-01,32.34,False
2014-05-02,36.26,False
2014-05-03,23.03,False
2014-05-04,27.93,False
2014-05-05,44.1,False
2014-05-06,46.55,False
2014-05-07,45.57,False
2014-05-08,43.61,False
2014-05-09,41.16,False
2014-05-10,23.03,False
2014-05-11,27.93,False
2014-05-12,43.61,False
2014-05-13,45.08,False
2014-05-14,43.12,False
2014-05-15,45.08,False
2014-05-16,37.24,False
2014-05-17,23.52,False
2014-05-18,22.54,False
2014-05-19,39.69,False
2014-05-20,49.0,False
2014-05-21,44.59,False
2014-05-22,46.55,False
2014-05-23,39.69,False
2014-05-24,27.93,False
2014-05-25,23.52,False
2014-05-26,33.32,False
2014-05-27,42.14,False
2014-05-28,42.63,False
2014-05-29,41.16,False
2014-05-30,39.69,False
2014-05-31,22.54,False
2014-06-01,26.32,False
2014-06-02,41.83,False
2014-06-03,42.77,False
2014-06-04,42.77,False
2014-06-05,41.83,False
2014-06-06,42.3,False
2014-06-07,23.03,False
2014-06-08,23.5,False
2014-06-09,42.3,False
2014-06-10,46.06,False
2014-06-11,47.0,False
2014-06-12,46.53,False
2014-06-13,35.25,False
2014-06-14,23.97,False
2014-06-15,22.09,False
2014-06-16,34.31,False
2014-06-17,44.65,False
2014-06-18,41.36,False
2014-06-19,38.54,False
2014-06-20,39.01,False
2014-06-21,21.15,False
2014-06-22,24.91,False
2014-06-23,40.42,False
2014-06-24,37.13,False
2014-06-25,40.42,False
2014-06-26,39.48,False
2014-06-27,34.31,False
2014-06-28,20.68,False
2014-06-29,23.03,False
2014-06-30,35.25,False
2014-07-01,36.45,False
2014-07-02,40.5,False
2014-07-03,35.1,False
2014-07-04,30.15,False
2014-07-05,20.7,False
2014-07-06,20.25,False
2014-07-07,33.75,False
2014-07-08,34.65,False
2014-07-09,37.35,False
2014-07-10,37.8,False
2014-07-11,34.65,False
2014-07-12,18.45,False
2014-07-13,22.5,False
2014-07-14,38.7,False
2014-07-15,38.7,False
2014-07-16,45.0,False
2014-07-17,38.25,False
2014-07-18,37.8,False
2014-07-19,22.95,False
2014-07-20,20.7,False
2014-07-21,39.15,False
2014-07-22,44.1,False
2014-07-23,36.9,False
2014-07-24,36.9,False
2014-07-25,31.5,False
2014-07-26,19.35,False
2014-07-27,21.15,False
2014-07-28,32.4,False
2014-07-29,38.25,False
2014-07-30,38.25,False
2014-07-31,36.45,False
2014-08-01,40.95,False
2014-08-02,17.55,False
2014-08-03,15.75,False
2014-08-04,34.2,False
2014-08-05,39.15,False
2014-08-06,42.75,False
2014-08-07,37.35,False
2014-08-08,31.95,False
2014-08-09,21.6,False
2014-08-10,22.5,False
2014-08-11,40.05,False
2014-08-12,36.9,False
2014-08-13,40.5,False
2014-08-14,36.0,False
2014-08-15,32.4,False
2014-08-16,20.25,False
2014-08-17,21.6,False
2014-08-18,38.25,False
2014-08-19,39.6,False
2014-08-20,39.15,False
2014-08-21,40.95,False
2014-08-22,39.6,False
2014-08-23,18.9,False
2014-08-24,22.5,False
2014-08-25,43.2,False
2014-08-26,42.75,False
2014-08-27,45.0,False
2014-08-28,39.6,False
2014-08-29,37.8,False
2014-08-30,22.05,False
2014-08-31,23.85,False
2014-09-01,33.5,False
2014-09-02,46.5,False
2014-09-03,46.0,False
2014-09-04,42.0,False
2014-09-05,38.0,False
2014-09-06,22.0,False
2014-09-07,24.5,False
2014-09-08,39.0,False
2014-09-09,42.5,False
2014-09-10,47.0,False
2014-09-11,45.5,False
2014-09-12,44.0,False
2014-09-13,24.5,False
2014-09-14,24.0,False
2014-09-15,40.5,False
2014-09-16,42.5,False
2014-09-17,50.0,False
2014-09-18,42.0,False
2014-09-19,42.5,False
2014-09-20,23.5,False
2014-09-21,27.5,False
2014-09-22,45.0,False
2014-09-23,44.5,False
2014-09-24,44.0,False
2014-09-25,44.5,False
2014-09-26,44.5,False
2014-09-27,22.5,False
2014-09-28,23.0,False
2014-09-29,39.5,False
2014-09-30,42.5,False
2014-10-01,39.48,False
2014-10-02,36.66,False
2014-10-03,30.55,False
2014-10-04,21.62,False
2014-10-05,25.38,False
2014-10-06,34.31,False
2014-10-07,43.71,False
2014-10-08,44.18,False
2014-10-09,40.42,False
2014-10-10,47.0,False
2014-10-11,25.38,False
2014-10-12,27.26,False
2014-10-13,45.59,False
2014-10-14,41.83,False
2014-10-15,43.24,False
2014-10-16,45.12,False
2014-10-17,40.42,False
2014-10-18,24.91,False
2014-10-19,23.5,False
2014-10-20,41.36,False
2014-10-21,39.01,False
2014-10-22,36.66,False
2014-10-23,38.07,False
2014-10-24,35.25,False
2014-10-25,19.27,False
2014-10-26,23.97,False
2014-10-27,41.83,False
2014-10-28,40.42,False
2014-10-29,43.71,False
2014-10-30,43.71,False
2014-10-31,39.01,False
2014-11-01,20.21,False
2014-11-02,26.32,False
2014-11-03,42.3,False
2014-11-04,44.18,False
2014-11-05,45.12,False
2014-11-06,46.53,False
2014-11-07,41.83,False
2014-11-08,23.5,False
2014-11-09,25.38,False
2014-11-10,47.0,False
2014-11-11,42.3,False
2014-11-12,46.06,False
2014-11-13,45.59,False
2014-11-14,39.01,False
2014-11-15,27.26,False
2014-11-16,25.85,False
2014-11-17,43.71,False
2014-11-18,44.18,False
2014-11-19,45.12,False
2014-11-20,41.83,False
2014-11-21,39.48,False
2014-11-22,22.56,False
2014-11-23,25.38,False
2014-11-24,43.71,False
2014-11-25,46.53,False
2014-11-26,41.36,False
2014-11-27,33.84,False
2014-11-28,31.96,False
2014-11-29,24.44,False
2014-11-30,24.91,False
2014-12-01,37.8,False
2014-12-02,41.16,False
2014-12-03,38.64,False
2014-12-04,42.0,False
2014-12-05,36.12,False
2014-12-06,20.58,False
2014-12-07,20.16,False
2014-12-08,37.38,False
2014-12-09,41.16,False
2014-12-10,35.28,False
2014-12-11,34.86,False
2014-12-12,33.6,False
2014-12-13,23.52,False
2014-12-14,24.36,False
2014-12-15,34.44,False
2014-12-16,34.02,False
2014-12-17,34.44,False
2014-12-18,35.7,False
2014-12-19,26.88,False
2014-12-20,17.64,False
2014-12-21,16.38,False
2014-12-22,28.56,False
2014-12-23,26.88,False
2014-12-24,24.36,False
2014-12-25,17.64,False
2014-12-26,18.06,False
2014-12-27,17.64,False
2014-12-28,16.38,False
2014-12-29,25.2,False
2014-12-30,25.62,False
2014-12-31,21.42,False
2015-01-01,17.39,False
2015-01-02,22.56,False
2015-01-03,22.09,False
2015-01-04,19.74,False
2015-01-05,35.72,False
2015-01-06,43.24,False
2015-01-07,43.71,False
2015-01-08,38.54,False
2015-01-09,39.01,False
2015-01-10,22.09,False
2015-01-11,21.62,False
2015-01-12,42.77,False
2015-01-13,38.07,False
2015-01-14,40.89,False
2015-01-15,43.71,False
2015-01-16,38.54,False
2015-01-17,23.5,False
2015-01-18,25.85,False
2015-01-19,44.65,False
2015-01-20,42.77,False
2015-01-21,40.89,False
2015-01-22,42.3,False
2015-01-23,40.42,False
2015-01-24,22.09,False
2015-01-25,23.03,False
2015-01-26,41.83,False
2015-01-27,47.0,False
2015-01-28,45.59,False
2015-01-29,41.36,False
2015-01-30,41.83,False
2015-01-31,25.38,False
2015-02-01,24.48,False
2015-02-02,45.39,False
2015-02-03,46.41,False
2015-02-04,47.43,False
2015-02-05,44.37,False
2015-02-06,42.84,False
2015-02-07,22.44,False
2015-02-08,28.56,False
2015-02-09,41.31,False
2015-02-10,45.39,False
2015-02-11,45.9,False
2015-02-12,46.92,False
2015-02-13,43.35,False
2015-02-14,24.48,False
2015-02-15,26.52,False
2015-02-16,43.35,False
2015-02-17,47.94,False
2015-02-18,43.86,False
2015-02-19,44.37,False
2015-02-20,43.35,False
2015-02-21,29.58,False
2015-02-22,24.99,False
2015-02-23,44.88,False
2015-02-24,48.45,False
2015-02-25,51.0,False
2015-02-26,46.41,False
2015-02-27,37.23,False
2015-02-28,20.91,False
2015-03-01,22.95,False
2015-03-02,51.0,False
2015-03-03,49.47,False
2015-03-04,43.86,False
2015-03-05,43.86,False
2015-03-06,37.23,False
2015-03-07,22.95,False
2015-03-08,25.5,False
2015-03-09,38.76,False
2015-03-10,41.31,False
2015-03-11,41.31,False
2015-03-12,40.29,False
2015-03-13,38.25,False
2015-03-14,21.42,False
2015-03-15,25.5,False
2015-03-16,41.82,False
2015-03-17,45.39,False
2015-03-18,42.33,False
2015-03-19,39.27,False
2015-03-20,37.23,False
2015-03-21,18.36,False
2015-03-22,26.01,False
2015-03-23,41.82,False
2015-03-24,40.29,False
2015-03-25,44.88,False
2015-03-26,38.25,False
2015-03-27,32.13,False
2015-03-28,22.44,False
2015-03-29,23.46,False
2015-03-30,38.25,False
2015-03-31,39.78,False
2015-04-01,47.53,False
2015-04-02,46.06,False
2015-04-03,34.79,False
2015-04-04,24.5,False
2015-04-05,25.97,False
2015-04-06,47.53,False
2015-04-07,49.0,False
2015-04-08,49.0,False
2015-04-09,45.57,False
2015-04-10,46.55,False
2015-04-11,22.54,False
2015-04-12,22.05,False
2015-04-13,47.04,False
2015-04-14,43.61,False
2015-04-15,48.51,False
2015-04-16,43.61,False
2015-04-17,45.08,False
2015-04-18,26.95,False
2015-04-19,25.48,False
2015-04-20,46.55,False
2015-04-21,49.0,False
2015-04-22,44.59,False
2015-04-23,47.04,False
2015-04-24,40.67,False
2015-04-25,26.95,False
2015-04-26,27.93,False
2015-04-27,45.08,False
2015-04-28,40.18,False
2015-04-29,45.57,False
2015-04-30,45.08,False
2015-05-01,28.8,False
2015-05-02,18.45,False
2015-05-03,22.5,False
2015-05-04,37.35,False
2015-05-05,39.15,False
2015-05-06,43.65,False
2015-05-07,40.5,False
2015-05-08,38.25,False
2015-05-09,18.9,False
2015-05-10,23.85,False
2015-05-11,39.6,False
2015-05-12,40.05,False
2015-05-13,38.7,False
2015-05-14,44.1,False
2015-05-15,31.5,False
2015-05-16,20.7,False
2015-05-17,22.05,False
2015-05-18,39.15,False
2015-05-19,40.5,False
2015-05-20,41.4,False
2015-05-21,40.05,False
2015-05-22,34.65,False
2015-05-23,22.05,False
2015-05-24,19.35,False
2015-05-25,25.65,False
2015-05-26,41.4,False
2015-05-27,38.7,False
2015-05-28,45.0,False
2015-05-29,34.65,False
2015-05-30,19.35,False
2015-05-31,22.5,False
2015-06-01,44.62,False
2015-06-02,46.0,False
2015-06-03,40.48,False
2015-06-04,43.7,False
2015-06-05,40.94,False
2015-06-06,21.16,False
2015-06-07,22.08,False
2015-06-08,37.26,False
2015-06-09,44.62,False
2015-06-10,40.94,False
2015-06-11,39.1,False
2015-06-12,34.96,False
2015-06-13,22.08,False
2015-06-14,26.68,False
2015-06-15,39.1,False
2015-06-16,41.86,False
2015-06-17,42.78,False
2015-06-18,40.94,False
2015-06-19,37.26,False
2015-06-20,22.54,False
2015-06-21,20.24,False
2015-06-22,42.32,False
2015-06-23,40.02,False
2015-06-24,45.54,False
2015-06-25,39.56,False
2015-06-26,35.42,False
2015-06-27,18.86,False
2015-06-28,22.54,False
2015-06-29,38.64,False
2015-06-30,38.64,False
2015-07-01,36.98,False
2015-07-02,33.54,False
2015-07-03,30.96,False
2015-07-04,15.91,False
2015-07-05,18.92,False
2015-07-06,34.4,False
2015-07-07,39.13,False
2015-07-08,36.98,False
2015-07-09,41.71,False
2015-07-10,36.98,False
2015-07-11,19.35,False
2015-07-12,18.06,False
2015-07-13,37.41,False
2015-07-14,39.13,False
2015-07-15,38.27,False
2015-07-16,40.42,False
2015-07-17,30.1,False
2015-07-18,18.49,False
2015-07-19,19.78,False
2015-07-20,39.13,False
2015-07-21,38.7,False
2015-07-22,38.7,False
2015-07-23,40.85,False
2015-07-24,35.69,False
2015-07-25,21.93,False
2015-07-26,19.35,False
2015-07-27,36.12,False
2015-07-28,39.13,False
2015-07-29,43.0,False
2015-07-30,43.0,False
2015-07-31,33.97,False
2015-08-01,19.35,False
2015-08-02,20.21,False
2015-08-03,36.98,False
2015-08-04,43.0,False
2015-08-05,36.98,False
2015-08-06,35.69,False
2015-08-07,32.68,False
2015-08-08,20.21,False
2015-08-09,22.36,False
2015-08-10,33.54,False
2015-08-11,36.55,False
2015-08-12,41.28,False
2015-08-13,34.83,False
2015-08-14,29.67,False
2015-08-15,20.21,False
2015-08-16,21.5,False
2015-08-17,35.69,False
2015-08-18,37.41,False
2015-08-19,36.12,False
2015-08-20,40.42,False
2015-08-21,35.26,False
2015-08-22,21.5,False
2015-08-23,21.5,False
2015-08-24,38.7,False
2015-08-25,36.55,False
2015-08-26,40.42,False
2015-08-27,40.42,False
2015-08-28,33.54,False
2015-08-29,21.07,False
2015-08-30,21.5,False
2015-08-31,34.83,False
2015-09-01,29.14,False
2015-09-02,29.61,False
2015-09-03,30.08,False
2015-09-04,26.32,False
2015-09-05,15.51,False
2015-09-06,18.33,False
2015-09-07,23.97,False
2015-09-08,30.55,False
2015-09-09,32.43,False
2015-09-10,33.37,False
2015-09-11,31.49,False
2015-09-12,16.92,False
2015-09-13,17.39,False
2015-09-14,29.61,False
2015-09-15,31.96,False
2015-09-16,31.96,False
2015-09-17,30.55,False
2015-09-18,24.91,False
2015-09-19,16.92,False
2015-09-20,21.62,False
2015-09-21,47.0,False
2015-09-22,38.07,False
2015-09-23,34.78,False
2015-09-24,31.49,False
2015-09-25,31.02,False
2015-09-26,16.45,False
2015-09-27,16.92,False
2015-09-28,32.9,False
2015-09-29,36.19,False
2015-09-30,34.78,False
2015-10-01,41.76,False
2015-10-02,35.04,False
2015-10-03,21.12,False
2015-10-04,24.96,False
2015-10-05,41.28,False
2015-10-06,40.32,False
2015-10-07,43.2,False
2015-10-08,42.24,False
2015-10-09,39.36,False
2015-10-10,24.48,False
2015-10-11,22.56,False
2015-10-12,40.8,False
2015-10-13,44.16,False
2015-10-14,43.68,False
2015-10-15,47.04,False
2015-10-16,36.48,False
2015-10-17,19.68,False
2015-10-18,21.12,False
2015-10-19,43.2,False
2015-10-20,44.16,False
2015-10-21,43.2,False
2015-10-22,39.84,False
2015-10-23,36.48,False
2015-10-24,24.48,False
2015-10-25,22.08,False
2015-10-26,47.04,False
2015-10-27,48.0,False
2015-10-28,45.12,False
2015-10-29,41.76,False
2015-10-30,41.76,False
2015-10-31,23.04,False
2015-11-01,20.25,False
2015-11-02,30.15,False
2015-11-03,36.45,False
2015-11-04,32.4,False
2015-11-05,31.05,False
2015-11-06,34.2,False
2015-11-07,19.35,False
2015-11-08,18.9,False
2015-11-09,32.4,False
2015-11-10,32.85,False
2015-11-11,31.05,False
2015-11-12,31.95,False
2015-11-13,29.25,False
2015-11-14,14.85,False
2015-11-15,16.65,False
2015-11-16,32.4,False
2015-11-17,34.2,False
2015-11-18,44.1,False
2015-11-19,45.0,False
2015-11-20,31.95,False
2015-11-21,18.9,False
2015-11-22,18.0,False
2015-11-23,32.85,False
2015-11-24,33.3,False
2015-11-25,31.95,False
2015-11-26,29.7,False
2015-11-27,22.95,False
2015-11-28,15.75,False
2015-11-29,15.3,False
2015-11-30,31.95,False
2015-12-01,37.31,False
2015-12-02,38.13,False
2015-12-03,34.03,False
2015-12-04,34.85,False
2015-12-05,20.5,False
2015-12-06,19.27,False
2015-12-07,33.62,False
2015-12-08,41.0,False
2015-12-09,37.31,False
2015-12-10,35.26,False
2015-12-11,35.67,False
2015-12-12,19.27,False
2015-12-13,18.86,False
2015-12-14,33.21,False
2015-12-15,39.36,False
2015-12-16,32.39,False
2015-12-17,34.44,False
2015-12-18,28.29,False
2015-12-19,15.58,False
2015-12-20,17.22,False
2015-12-21,27.47,False
2015-12-22,27.88,False
2015-12-23,26.65,False
2015-12-24,16.81,False
2015-12-25,14.76,False
2015-12-26,14.76,False
2015-12-27,15.99,False
2015-12-28,19.68,False
2015-12-29,24.19,False
2015-12-30,25.42,False
2015-12-31,18.45,False
2016-01-01,18.48,False
2016-01-02,15.12,False
2016-01-03,18.06,False
2016-01-04,34.02,False
2016-01-05,41.58,False
2016-01-06,39.48,False
2016-01-07,37.8,False
2016-01-08,37.38,False
2016-01-09,19.32,False
2016-01-10,20.58,False
2016-01-11,38.22,False
2016-01-12,39.06,False
2016-01-13,42.0,False
2016-01-14,36.12,False
2016-01-15,33.18,False
2016-01-16,15.96,False
2016-01-17,18.48,False
2016-01-18,36.96,False
2016-01-19,42.0,False
2016-01-20,41.16,False
2016-01-21,40.32,False
2016-01-22,36.54,False
2016-01-23,15.54,False
2016-01-24,20.16,False
2016-01-25,32.76,False
2016-01-26,35.28,False
2016-01-27,42.0,False
2016-01-28,36.96,False
2016-01-29,32.34,False
2016-01-30,18.48,False
2016-01-31,22.68,False
2016-02-01,42.32,False
2016-02-02,40.02,False
2016-02-03,46.0,False
2016-02-04,40.02,False
2016-02-05,38.18,False
2016-02-06,20.24,False
2016-02-07,23.92,False
2016-02-08,40.48,False
2016-02-09,40.48,False
2016-02-10,41.86,False
2016-02-11,40.02,False
2016-02-12,35.42,False
2016-02-13,20.7,False
2016-02-14,24.38,False
2016-02-15,36.34,False
2016-02-16,39.56,False
2016-02-17,42.32,False
2016-02-18,44.16,False
2016-02-19,41.86,False
2016-02-20,23.46,False
2016-02-21,25.3,False
2016-02-22,38.18,False
2016-02-23,39.1,False
2016-02-24,39.1,False
2016-02-25,43.24,False
2016-02-26,41.86,False
2016-02-27,20.7,False
2016-02-28,22.54,False
2016-02-29,34.96,False
2016-03-01,43.7,False
2016-03-02,46.0,False
2016-03-03,44.62,False
2016-03-04,45.08,False
2016-03-05,21.62,False
2016-03-06,21.62,False
2016-03-07,43.24,False
2016-03-08,46.0,False
2016-03-09,40.94,False
2016-03-10,39.56,False
2016-03-11,33.58,False
2016-03-12,22.54,False
2016-03-13,24.38,False
2016-03-14,40.02,False
2016-03-15,37.72,False
2016-03-16,42.32,False
2016-03-17,38.64,False
2016-03-18,37.26,False
2016-03-19,19.32,False
2016-03-20,19.32,False
2016-03-21,37.72,False
2016-03-22,37.72,False
2016-03-23,36.8,False
2016-03-24,32.2,False
2016-03-25,30.82,False
2016-03-26,20.24,False
2016-03-27,19.78,False
2016-03-28,30.82,False
2016-03-29,38.64,False
2016-03-30,40.94,False
2016-03-31,37.26,False
2016-04-01,33.18,False
2016-04-02,18.06,False
2016-04-03,21.84,False
2016-04-04,35.7,False
2016-04-05,42.0,False
2016-04-06,38.64,False
2016-04-07,38.64,False
2016-04-08,34.44,False
2016-04-09,21.84,False
2016-04-10,23.94,False
2016-04-11,37.8,False
2016-04-12,40.74,False
2016-04-13,39.06,False
2016-04-14,36.54,False
2016-04-15,32.76,False
2016-04-16,18.48,False
2016-04-17,22.68,False
2016-04-18,39.9,False
2016-04-19,35.28,False
2016-04-20,37.8,False
2016-04-21,40.74,False
2016-04-22,31.5,False
2016-04-23,18.9,False
2016-04-24,19.74,False
2016-04-25,34.86,False
2016-04-26,36.54,False
2016-04-27,36.12,False
2016-04-28,36.12,False
2016-04-29,32.76,False
2016-04-30,21.0,False
2016-05-01,23.78,False
2016-05-02,36.08,False
2016-05-03,36.49,False
2016-05-04,41.0,False
2016-05-05,38.95,False
2016-05-06,32.8,False
2016-05-07,21.73,False
2016-05-08,19.68,False
2016-05-09,36.49,False
2016-05-10,36.9,False
2016-05-11,33.21,False
2016-05-12,39.77,False
2016-05-13,35.26,False
2016-05-14,18.86,False
2016-05-15,25.42,False
2016-05-16,32.8,False
2016-05-17,36.08,False
2016-05-18,36.08,False
2016-05-19,36.9,False
2016-05-20,29.52,False
2016-05-21,19.68,False
2016-05-22,20.09,False
2016-05-23,31.98,False
2016-05-24,40.59,False
2016-05-25,35.26,False
2016-05-26,34.85,False
2016-05-27,29.52,False
2016-05-28,16.81,False
2016-05-29,19.27,False
2016-05-30,27.47,False
2016-05-31,33.21,False
2016-06-01,36.27,False
2016-06-02,35.88,False
2016-06-03,28.08,False
2016-06-04,19.11,False
2016-06-05,20.67,False
2016-06-06,35.49,False
2016-06-07,39.0,False
2016-06-08,33.15,False
2016-06-09,37.83,False
2016-06-10,27.3,False
2016-06-11,19.5,False
2016-06-12,18.72,False
2016-06-13,35.1,False
2016-06-14,35.1,False
2016-06-15,30.81,False
2016-06-16,33.54,False
2016-06-17,28.86,False
2016-06-18,17.55,False
2016-06-19,16.77,False
2016-06-20,32.37,False
2016-06-21,34.32,False
2016-06-22,37.83,False
2016-06-23,34.32,False
2016-06-24,30.03,False
2016-06-25,14.43,False
2016-06-26,17.55,False
2016-06-27,30.03,False
2016-06-28,34.71,False
2016-06-29,36.27,False
2016-06-30,30.42,False
2016-07-01,24.5,False
2016-07-02,16.1,False
2016-07-03,15.4,False
2016-07-04,22.4,False
2016-07-05,29.4,False
2016-07-06,24.5,False
2016-07-07,27.65,False
2016-07-08,25.9,False
2016-07-09,13.65,False
2016-07-10,15.4,False
2016-07-11,28.0,False
2016-07-12,28.35,False
2016-07-13,33.6,False
2016-07-14,27.3,False
2016-07-15,25.2,False
2016-07-16,15.4,False
2016-07-17,16.8,False
2016-07-18,31.5,False
2016-07-19,31.85,False
2016-07-20,31.85,False
2016-07-21,30.45,False
2016-07-22,29.05,False
2016-07-23,15.4,False
2016-07-24,16.45,False
2016-07-25,30.8,False
2016-07-26,29.05,False
2016-07-27,32.9,False
2016-07-28,35.0,False
2016-07-29,26.6,False
2016-07-30,15.75,False
2016-07-31,15.75,False
2016-08-01,30.78,False
2016-08-02,35.34,False
2016-08-03,32.3,False
2016-08-04,36.48,False
2016-08-05,34.2,False
2016-08-06,18.62,False
2016-08-07,17.1,False
2016-08-08,29.26,False
2016-08-09,34.2,False
2016-08-10,34.2,False
2016-08-11,30.02,False
2016-08-12,27.74,False
2016-08-13,12.92,False
2016-08-14,19.76,False
2016-08-15,26.98,False
2016-08-16,30.4,False
2016-08-17,31.16,False
2016-08-18,33.44,False
2016-08-19,28.88,False
2016-08-20,17.48,False
2016-08-21,20.14,False
2016-08-22,33.06,False
2016-08-23,34.58,False
2016-08-24,33.44,False
2016-08-25,34.96,False
2016-08-26,36.1,False
2016-08-27,27.74,False
2016-08-28,25.46,False
2016-08-29,38.0,False
2016-08-30,36.1,False
2016-08-31,35.34,False
2016-09-01,38.7,False
2016-09-02,31.82,False
2016-09-03,22.36,False
2016-09-04,21.93,False
2016-09-05,27.52,False
2016-09-06,40.85,False
2016-09-07,38.7,False
2016-09-08,34.4,False
2016-09-09,32.68,False
2016-09-10,18.92,False
2016-09-11,16.77,False
2016-09-12,31.82,False
2016-09-13,38.27,False
2016-09-14,34.83,False
2016-09-15,39.13,False
2016-09-16,35.26,False
2016-09-17,20.64,False
2016-09-18,24.08,False
2016-09-19,41.28,False
2016-09-20,42.57,False
2016-09-21,39.56,False
2016-09-22,36.12,False
2016-09-23,34.83,False
2016-09-24,22.79,False
2016-09-25,25.8,False
2016-09-26,41.71,False
2016-09-27,43.0,False
2016-09-28,40.85,False
2016-09-29,39.56,False
2016-09-30,38.27,False
2016-10-01,18.04,False
2016-10-02,15.99,False
2016-10-03,35.26,False
2016-10-04,37.31,False
2016-10-05,36.49,False
2016-10-06,37.31,False
2016-10-07,34.44,False
2016-10-08,17.22,False
2016-10-09,20.09,False
2016-10-10,33.62,False
2016-10-11,40.18,False
2016-10-12,35.67,False
2016-10-13,38.13,False
2016-10-14,33.62,False
2016-10-15,20.5,False
2016-10-16,22.14,False
2016-10-17,37.72,False
2016-10-18,41.0,False
2016-10-19,39.77,False
2016-10-20,40.18,False
2016-10-21,34.85,False
2016-10-22,19.68,False
2016-10-23,19.27,False
2016-10-24,34.44,False
2016-10-25,34.85,False
2016-10-26,36.9,False
2016-10-27,40.18,False
2016-10-28,34.03,False
2016-10-29,17.63,False
2016-10-30,18.45,False
2016-10-31,31.16,False
2016-11-01,40.85,False
2016-11-02,40.42,False
2016-11-03,40.42,False
2016-11-04,40.42,False
2016-11-05,18.49,False
2016-11-06,21.93,False
2016-11-07,38.7,False
2016-11-08,35.69,False
2016-11-09,33.97,False
2016-11-10,40.85,False
2016-11-11,37.41,False
2016-11-12,23.22,False
2016-11-13,22.79,False
2016-11-14,36.98,False
2016-11-15,36.98,False
2016-11-16,39.99,False
2016-11-17,43.0,False
2016-11-18,33.11,False
2016-11-19,23.22,False
2016-11-20,22.36,False
2016-11-21,36.12,False
2016-11-22,37.41,False
2016-11-23,38.27,False
2016-11-24,34.83,False
2016-11-25,28.81,False
2016-11-26,19.35,False
2016-11-27,23.22,False
2016-11-28,40.42,False
2016-11-29,41.28,False
2016-11-30,39.13,False
2016-12-01,36.66,False
2016-12-02,35.1,False
2016-12-03,21.45,False
2016-12-04,19.89,False
2016-12-05,37.83,False
2016-12-06,37.44,False
2016-12-07,37.44,False
2016-12-08,37.83,False
2016-12-09,32.37,False
2016-12-10,22.23,False
2016-12-11,17.94,False
2016-12-12,35.1,False
2016-12-13,39.0,False
2016-12-14,36.66,False
2016-12-15,30.03,False
2016-12-16,32.76,False
2016-12-17,17.55,False
2016-12-18,19.89,False
2016-12-19,32.37,False
2016-12-20,31.98,False
2016-12-21,28.86,False
2016-12-22,28.86,False
2016-12-23,22.62,False
2016-12-24,16.77,False
2016-12-25,15.6,False
2016-12-26,19.11,False
2016-12-27,25.35,False
2016-12-28,23.4,False
2016-12-29,27.3,False
2016-12-30,20.67,False
2016-12-31,12.87,False
2017-01-01,13.44,False
2017-01-02,24.36,False
2017-01-03,31.08,False
2017-01-04,37.8,False
2017-01-05,36.12,False
2017-01-06,34.02,False
2017-01-07,20.58,False
2017-01-08,22.68,False
2017-01-09,35.7,False
2017-01-10,40.74,False
2017-01-11,40.74,False
2017-01-12,35.7,False
2017-01-13,34.02,False
2017-01-14,17.22,False
2017-01-15,20.58,False
2017-01-16,37.38,False
2017-01-17,36.96,False
2017-01-18,37.38,False
2017-01-19,40.74,False
2017-01-20,34.02,False
2017-01-21,19.74,False
2017-01-22,22.26,False
2017-01-23,38.64,False
2017-01-24,42.0,False
2017-01-25,34.86,False
2017-01-26,33.18,False
2017-01-27,29.82,False
2017-01-28,21.0,False
2017-01-29,23.94,False
2017-01-30,33.6,False
2017-01-31,38.22,False
2017-02-01,38.25,False
2017-02-02,41.85,False
2017-02-03,36.0,False
2017-02-04,22.5,False
2017-02-05,27.9,False
2017-02-06,42.3,False
2017-02-07,41.4,False
2017-02-08,44.1,False
2017-02-09,45.0,False
2017-02-10,37.8,False
2017-02-11,22.05,False
2017-02-12,28.35,False
2017-02-13,41.85,False
2017-02-14,42.75,False
2017-02-15,37.8,False
2017-02-16,39.15,False
2017-02-17,35.55,False
2017-02-18,23.85,False
2017-02-19,24.3,False
2017-02-20,41.4,False
2017-02-21,40.95,False
2017-02-22,45.0,False
2017-02-23,43.2,False
2017-02-24,35.55,False
2017-02-25,22.05,False
2017-02-26,24.75,False
2017-02-27,38.25,False
2017-02-28,40.5,False
2017-03-01,43.61,False
2017-03-02,49.0,False
2017-03-03,43.12,False
2017-03-04,26.95,False
2017-03-05,23.52,False
2017-03-06,47.53,False
2017-03-07,48.51,False
2017-03-08,48.51,False
2017-03-09,48.51,False
2017-03-10,42.63,False
2017-03-11,23.52,False
2017-03-12,24.5,False
2017-03-13,44.59,False
2017-03-14,44.59,False
2017-03-15,47.04,False
2017-03-16,39.69,False
2017-03-17,39.69,False
2017-03-18,24.5,False
2017-03-19,23.03,False
2017-03-20,43.61,False
2017-03-21,44.59,False
2017-03-22,48.51,False
2017-03-23,45.08,False
2017-03-24,41.16,False
2017-03-25,20.09,False
2017-03-26,26.95,False
2017-03-27,39.2,False
2017-03-28,42.63,False
2017-03-29,44.59,False
2017-03-30,42.14,False
2017-03-31,37.73,False
2017-04-01,19.35,False
2017-04-02,17.55,False
2017-04-03,29.25,False
2017-04-04,32.4,False
2017-04-05,33.3,False
2017-04-06,34.2,False
2017-04-07,31.5,False
2017-04-08,18.45,False
2017-04-09,16.65,False
2017-04-10,34.2,False
2017-04-11,45.0,False
2017-04-12,38.25,False
2017-04-13,31.5,False
2017-04-14,26.1,False
2017-04-15,18.45,False
2017-04-16,16.65,False
2017-04-17,28.35,False
2017-04-18,34.65,False
2017-04-19,31.95,False
2017-04-20,35.1,False
2017-04-21,30.6,False
2017-04-22,18.0,False
2017-04-23,18.45,False
2017-04-24,31.05,False
2017-04-25,35.1,False
2017-04-26,35.1,False
2017-04-27,33.3,False
2017-04-28,28.8,False
2017-04-29,15.75,False
2017-04-30,17.1,False
2017-05-01,31.5,False
2017-05-02,36.54,False
2017-05-03,40.32,False
2017-05-04,38.22,False
2017-05-05,36.12,False
2017-05-06,24.78,False
2017-05-07,24.78,False
2017-05-08,37.8,False
2017-05-09,39.48,False
2017-05-10,36.12,False
2017-05-11,42.0,False
2017-05-12,34.02,False
2017-05-13,19.32,False
2017-05-14,25.62,False
2017-05-15,35.7,False
2017-05-16,40.32,False
2017-05-17,35.7,False
2017-05-18,38.64,False
2017-05-19,35.7,False
2017-05-20,26.04,False
2017-05-21,29.82,False
2017-05-22,40.32,False
2017-05-23,33.18,False
2017-05-24,37.38,False
2017-05-25,35.7,False
2017-05-26,32.34,False
2017-05-27,18.48,False
2017-05-28,16.8,False
2017-05-29,28.14,False
2017-05-30,38.22,False
2017-05-31,35.28,False
2017-06-01,38.22,False
2017-06-02,31.2,False
2017-06-03,21.06,False
2017-06-04,17.55,False
2017-06-05,30.81,False
2017-06-06,35.88,False
2017-06-07,39.0,False
2017-06-08,33.15,False
2017-06-09,32.37,False
2017-06-10,17.55,False
2017-06-11,16.77,False
2017-06-12,36.66,False
2017-06-13,37.83,False
2017-06-14,36.27,False
2017-06-15,35.49,False
2017-06-16,32.37,False
2017-06-17,18.72,False
2017-06-18,18.72,False
2017-06-19,36.66,False
2017-06-20,35.88,False
2017-06-21,33.15,False
2017-06-22,32.76,False
2017-06-23,26.52,False
2017-06-24,19.11,False
2017-06-25,15.99,False
2017-06-26,33.54,False
2017-06-27,32.37,False
2017-06-28,31.98,False
2017-06-29,35.88,False
2017-06-30,29.25,False
2017-07-01,14.43,False
2017-07-02,20.28,False
2017-07-03,28.08,False
2017-07-04,29.25,False
2017-07-05,35.49,False
2017-07-06,33.15,False
2017-07-07,29.64,False
2017-07-08,18.72,False
2017-07-09,21.06,False
2017-07-10,34.32,False
2017-07-11,34.71,False
2017-07-12,35.1,False
2017-07-13,36.66,False
2017-07-14,34.71,False
2017-07-15,17.16,False
2017-07-16,18.33,False
2017-07-17,33.15,False
2017-07-18,33.54,False
2017-07-19,33.93,False
2017-07-20,36.27,False
2017-07-21,28.86,False
2017-07-22,17.16,False
2017-07-23,17.55,False
2017-07-24,32.76,False
2017-07-25,35.49,False
2017-07-26,39.0,False
2017-07-27,33.54,False
2017-07-28,31.2,False
2017-07-29,15.6,False
2017-07-30,17.55,False
2017-07-31,35.1,False
2017-08-01,35.49,False
2017-08-02,36.27,False
2017-08-03,31.98,False
2017-08-04,26.52,False
2017-08-05,17.55,False
2017-08-06,18.33,False
2017-08-07,32.76,False
2017-08-08,33.93,False
2017-08-09,36.27,False
2017-08-10,39.0,False
2017-08-11,29.64,False
2017-08-12,15.21,False
2017-08-13,16.38,False
2017-08-14,28.86,False
2017-08-15,28.08,False
2017-08-16,32.76,False
2017-08-17,34.71,False
2017-08-18,33.15,False
2017-08-19,20.28,False
2017-08-20,20.28,False
2017-08-21,31.2,False
2017-08-22,33.93,False
2017-08-23,33.93,False
2017-08-24,35.49,False
2017-08-25,29.25,False
2017-08-26,17.94,False
2017-08-27,17.55,False
2017-08-28,33.15,False
2017-08-29,33.15,False
2017-08-30,33.93,False
2017-08-31,33.54,False
2017-09-01,26.4,False
2017-09-02,15.84,False
2017-09-03,17.6,False
2017-09-04,22.88,False
2017-09-05,29.92,False
2017-09-06,33.88,False
2017-09-07,36.08,False
2017-09-08,29.92,False
2017-09-09,16.72,False
2017-09-10,18.48,False
2017-09-11,33.44,False
2017-09-12,33.88,False
2017-09-13,36.52,False
2017-09-14,44.0,False
2017-09-15,31.24,False
2017-09-16,21.56,False
2017-09-17,19.8,False
2017-09-18,37.84,False
2017-09-19,34.32,False
2017-09-20,34.32,False
2017-09-21,33.88,False
2017-09-22,28.16,False
2017-09-23,17.16,False
2017-09-24,19.36,False
2017-09-25,30.36,False
2017-09-26,32.56,False
2017-09-27,34.32,False
2017-09-28,31.68,False
2017-09-29,28.6,False
2017-09-30,17.6,False
2017-10-01,19.8,False
2017-10-02,35.55,False
2017-10-03,38.25,False
2017-10-04,39.15,False
2017-10-05,34.2,False
2017-10-06,33.3,False
2017-10-07,21.6,False
2017-10-08,20.25,False
2017-10-09,40.05,False
2017-10-10,41.85,False
2017-10-11,45.0,False
2017-10-12,41.85,False
2017-10-13,35.55,False
2017-10-14,21.6,False
2017-10-15,22.95,False
2017-10-16,39.6,False
2017-10-17,37.35,False
2017-10-18,41.4,False
2017-10-19,38.25,False
2017-10-20,36.0,False
2017-10-21,18.9,False
2017-10-22,23.4,False
2017-10-23,38.7,False
2017-10-24,40.95,False
2017-10-25,42.75,False
2017-10-26,38.7,False
2017-10-27,38.7,False
2017-10-28,21.6,False
2017-10-29,22.95,False
2017-10-30,40.95,False
2017-10-31,39.6,False
2017-11-01,38.5,False
2017-11-02,44.0,False
2017-11-03,39.0,False
2017-11-04,25.0,False
2017-11-05,24.5,False
2017-11-06,44.0,False
2017-11-07,47.5,False
2017-11-08,43.5,False
2017-11-09,43.5,False
2017-11-10,39.5,False
2017-11-11,21.0,False
2017-11-12,23.5,False
2017-11-13,42.0,False
2017-11-14,44.5,False
2017-11-15,42.5,False
2017-11-16,41.5,False
2017-11-17,35.0,False
2017-11-18,23.5,False
2017-11-19,24.0,False
2017-11-20,42.0,False
2017-11-21,44.0,False
2017-11-22,38.5,False
2017-11-23,33.0,False
2017-11-24,30.0,False
2017-11-25,23.0,False
2017-11-26,22.0,False
2017-11-27,38.5,False
2017-11-28,42.5,False
2017-11-29,43.0,False
2017-11-30,50.0,False
2017-12-01,33.97,False
2017-12-02,19.78,False
2017-12-03,21.5,False
2017-12-04,43.0,False
2017-12-05,37.84,False
2017-12-06,39.13,False
2017-12-07,33.54,False
2017-12-08,32.25,False
2017-12-09,20.64,False
2017-12-10,19.35,False
2017-12-11,33.54,False
2017-12-12,33.11,False
2017-12-13,32.25,False
2017-12-14,29.24,False
2017-12-15,28.81,False
2017-12-16,18.06,False
2017-12-17,18.92,False
2017-12-18,28.81,False
2017-12-19,33.11,False
2017-12-20,29.24,False
2017-12-21,24.94,False
2017-12-22,20.64,False
2017-12-23,13.76,False
2017-12-24,10.75,False
2017-12-25,14.19,False
2017-12-26,22.36,False
2017-12-27,23.65,False
2017-12-28,22.79,False
2017-12-29,17.63,False
2017-12-30,15.48,False
2017-12-31,11.61,False
2018-01-01,18.0,False
2018-01-02,32.4,False
2018-01-03,35.1,False
2018-01-04,40.05,False
2018-01-05,35.1,False
2018-01-06,20.7,False
2018-01-07,19.8,False
2018-01-08,39.15,False
2018-01-09,43.65,False
2018-01-10,41.4,False
2018-01-11,36.45,False
2018-01-12,34.2,False
2018-01-13,20.25,False
2018-01-14,18.0,False
2018-01-15,34.65,False
2018-01-16,37.35,False
2018-01-17,37.35,False
2018-01-18,40.05,False
2018-01-19,34.2,False
2018-01-20,23.4,False
2018-01-21,18.45,False
2018-01-22,39.15,False
2018-01-23,40.05,False
2018-01-24,45.0,False
2018-01-25,43.2,False
2018-01-26,35.1,False
2018-01-27,22.95,False
2018-01-28,20.25,False
2018-01-29,41.4,False
2018-01-30,39.6,False
2018-01-31,38.25,False
2018-02-01,40.89,False
2018-02-02,36.19,False
2018-02-03,20.21,False
2018-02-04,23.97,False
2018-02-05,38.54,False
2018-02-06,46.53,False
2018-02-07,41.83,False
2018-02-08,47.0,False
2018-02-09,35.25,False
2018-02-10,21.62,False
2018-02-11,23.03,False
2018-02-12,36.19,False
2018-02-13,37.6,False
2018-02-14,37.13,False
2018-02-15,38.54,False
2018-02-16,31.49,False
2018-02-17,22.09,False
2018-02-18,19.74,False
2018-02-19,32.9,False
2018-02-20,35.72,False
2018-02-21,38.54,False
2018-02-22,34.78,False
2018-02-23,37.13,False
2018-02-24,19.74,False
2018-02-25,24.44,False
2018-02-26,39.95,False
2018-02-27,39.01,False
2018-02-28,39.48,False
2018-03-01,38.54,False
2018-03-02,39.95,False
2018-03-03,23.03,False
2018-03-04,22.09,False
2018-03-05,36.66,False
2018-03-06,42.77,False
2018-03-07,43.24,False
2018-03-08,39.48,False
2018-03-09,40.42,False
2018-03-10,24.91,False
2018-03-11,26.79,False
2018-03-12,38.54,False
2018-03-13,42.77,False
2018-03-14,47.0,False
2018-03-15,36.19,False
2018-03-16,36.19,False
2018-03-17,21.15,False
2018-03-18,22.09,False
2018-03-19,38.07,False
2018-03-20,42.77,False
2018-03-21,47.0,False
2018-03-22,38.07,False
2018-03-23,37.13,False
2018-03-24,21.15,False
2018-03-25,22.09,False
2018-03-26,40.42,False
2018-03-27,39.95,False
2018-03-28,41.83,False
2018-03-29,39.95,False
2018-03-30,29.14,False
2018-03-31,19.27,False
2018-04-01,19.27,False
2018-04-02,31.02,False
2018-04-03,40.42,False
2018-04-04,41.36,False
2018-04-05,36.19,False
2018-04-06,32.43,False
2018-04-07,19.74,False
2018-04-08,21.62,False
2018-04-09,37.13,False
2018-04-10,36.66,False
2018-04-11,40.89,False
2018-04-12,36.66,False
2018-04-13,33.84,False
2018-04-14,20.21,False
2018-04-15,20.21,False
2018-04-16,38.07,False
2018-04-17,37.13,False
2018-04-18,37.6,False
2018-04-19,45.59,False
2018-04-20,47.0,False
2018-04-21,19.27,False
2018-04-22,23.97,False
2018-04-23,39.48,False
2018-04-24,38.07,False
2018-04-25,40.42,False
2018-04-26,38.54,False
2018-04-27,34.31,False
2018-04-28,22.56,False
2018-04-29,22.56,False
2018-04-30,37.6,False
2018-05-01,36.9,False
2018-05-02,41.4,False
2018-05-03,39.15,False
2018-05-04,38.7,False
2018-05-05,22.95,False
2018-05-06,22.5,False
2018-05-07,38.7,False
2018-05-08,45.0,False
2018-05-09,43.2,False
2018-05-10,39.6,False
2018-05-11,36.0,False
2018-05-12,19.8,False
2018-05-13,22.05,False
2018-05-14,39.6,False
2018-05-15,40.5,False
2018-05-16,40.95,False
2018-05-17,41.4,False
2018-05-18,36.9,False
2018-05-19,20.7,False
2018-05-20,23.4,False
2018-05-21,36.9,False
2018-05-22,36.0,False
2018-05-23,38.7,False
2018-05-24,37.8,False
2018-05-25,35.1,False
2018-05-26,18.45,False
2018-05-27,20.25,False
2018-05-28,25.65,False
2018-05-29,36.45,False
2018-05-30,35.55,False
2018-05-31,35.1,False
2018-06-01,38.8,False
2018-06-02,21.6,False
2018-06-03,22.8,False
2018-06-04,38.8,False
2018-06-05,39.2,False
2018-06-06,39.6,False
2018-06-07,38.4,False
2018-06-08,38.4,False
2018-06-09,24.4,False
2018-06-10,20.8,False
2018-06-11,34.8,False
2018-06-12,36.4,False
2018-06-13,36.0,False
2018-06-14,36.0,False
2018-06-15,32.0,False
2018-06-16,18.8,False
2018-06-17,17.6,False
2018-06-18,33.2,False
2018-06-19,36.0,False
2018-06-20,40.0,False
2018-06-21,37.6,False
2018-06-22,33.6,False
2018-06-23,18.8,False
2018-06-24,19.2,False
2018-06-25,38.8,False
2018-06-26,36.8,False
2018-06-27,37.2,False
2018-06-28,35.6,False
2018-06-29,30.0,False
2018-06-30,22.8,False
2018-07-01,16.8,False
2018-07-02,30.4,False
2018-07-03,36.8,False
2018-07-04,30.0,False
2018-07-05,33.2,False
2018-07-06,31.6,False
2018-07-07,16.8,False
2018-07-08,15.6,False
2018-07-09,33.6,False
2018-07-10,35.6,False
2018-07-11,32.8,False
2018-07-12,34.4,False
2018-07-13,30.8,False
2018-07-14,19.2,False
2018-07-15,16.4,False
2018-07-16,32.8,False
2018-07-17,36.8,False
2018-07-18,39.6,False
2018-07-19,40.0,False
2018-07-20,32.4,False
2018-07-21,18.8,False
2018-07-22,22.4,False
2018-07-23,33.6,False
2018-07-24,35.6,False
2018-07-25,34.4,False
2018-07-26,35.6,False
2018-07-27,32.4,False
2018-07-28,21.2,False
2018-07-29,19.6,False
2018-07-30,34.8,False
2018-07-31,37.2,False
2018-08-01,39.99,False
2018-08-02,37.84,False
2018-08-03,35.69,False
2018-08-04,19.78,False
2018-08-05,20.64,False
2018-08-06,34.83,False
2018-08-07,36.12,False
2018-08-08,39.56,False
2018-08-09,33.11,False
2018-08-10,30.1,False
2018-08-11,19.78,False
2018-08-12,22.36,False
2018-08-13,32.68,False
2018-08-14,33.97,False
2018-08-15,28.38,False
2018-08-16,32.68,False
2018-08-17,31.82,False
2018-08-18,18.49,False
2018-08-19,19.35,False
2018-08-20,30.96,False
2018-08-21,35.69,False
2018-08-22,33.11,False
2018-08-23,37.41,False
2018-08-24,32.68,False
2018-08-25,19.35,False
2018-08-26,16.77,False
2018-08-27,35.69,False
2018-08-28,37.41,False
2018-08-29,43.0,False
2018-08-30,35.26,False
2018-08-31,31.82,False
2018-09-01,22.05,False
2018-09-02,21.6,False
2018-09-03,32.85,False
2018-09-04,37.35,False
2018-09-05,35.1,False
2018-09-06,39.6,False
2018-09-07,39.6,False
2018-09-08,21.15,False
2018-09-09,25.2,False
2018-09-10,40.5,False
2018-09-11,40.05,False
2018-09-12,40.5,False
2018-09-13,40.05,False
2018-09-14,38.7,False
2018-09-15,24.3,False
2018-09-16,19.35,False
2018-09-17,37.8,False
2018-09-18,45.0,False
2018-09-19,39.15,False
2018-09-20,42.75,False
2018-09-21,38.25,False
2018-09-22,21.6,False
2018-09-23,27.0,False
2018-09-24,35.1,False
2018-09-25,44.55,False
2018-09-26,40.95,False
2018-09-27,41.4,False
2018-09-28,33.75,False
2018-09-29,24.3,False
2018-09-30,22.5,False
2018-10-01,31.96,False
2018-10-02,38.07,False
2018-10-03,30.55,False
2018-10-04,34.78,False
2018-10-05,33.37,False
2018-10-06,18.33,False
2018-10-07,20.68,False
2018-10-08,30.55,False
2018-10-09,39.48,False
2018-10-10,32.9,False
2018-10-11,47.0,False
2018-10-12,37.6,False
2018-10-13,21.15,False
2018-10-14,22.56,False
2018-10-15,37.6,False
2018-10-16,34.78,False
2018-10-17,33.37,False
2018-10-18,31.49,False
2018-10-19,29.61,False
2018-10-20,15.51,False
2018-10-21,21.15,False
2018-10-22,32.43,False
2018-10-23,34.78,False
2018-10-24,35.25,False
2018-10-25,36.66,False
2018-10-26,30.08,False
2018-10-27,19.27,False
2018-10-28,23.97,False
2018-10-29,35.25,False
2018-10-30,33.84,False
2018-10-31,36.66,False
2018-11-01,43.0,False
2018-11-02,38.27,False
2018-11-03,22.79,False
2018-11-04,20.64,False
2018-11-05,33.11,False
2018-11-06,34.83,False
2018-11-07,34.83,False
2018-11-08,35.26,False
2018-11-09,33.54,False
2018-11-10,19.35,False
2018-11-11,20.64,False
2018-11-12,39.99,False
2018-11-13,37.41,False
2018-11-14,41.28,False
2018-11-15,41.71,False
2018-11-16,37.84,False
2018-11-17,21.5,False
2018-11-18,22.36,False
2018-11-19,38.27,False
2018-11-20,42.14,False
2018-11-21,36.12,False
2018-11-22,31.39,False
2018-11-23,27.95,False
2018-11-24,21.93,False
2018-11-25,21.07,False
2018-11-26,34.83,False
2018-11-27,42.57,False
2018-11-28,42.57,False
2018-11-29,42.57,False
2018-11-30,37.41,False
2018-12-01,23.79,False
2018-12-02,23.4,False
2018-12-03,35.49,False
2018-12-04,39.0,False
2018-12-05,37.83,False
2018-12-06,38.22,False
2018-12-07,33.54,False
2018-12-08,19.11,False
2018-12-09,23.01,False
2018-12-10,35.49,False
2018-12-11,33.93,False
2018-12-12,34.71,False
2018-12-13,35.88,False
2018-12-14,32.37,False
2018-12-15,20.67,False
2018-12-16,20.67,False
2018-12-17,31.2,False
2018-12-18,33.15,False
2018-12-19,33.93,False
2018-12-20,34.32,False
2018-12-21,29.25,False
2018-12-22,18.33,False
2018-12-23,18.33,False
2018-12-24,24.57,False
2018-12-25,20.28,False
2018-12-26,24.18,False
2018-12-27,20.28,False
2018-12-28,24.18,False
2018-12-29,15.6,False
2018-12-30,13.65,False
2018-12-31,15.6,False
2019-01-01,19.36,False
2019-01-02,31.24,False
2019-01-03,37.4,False
2019-01-04,40.48,False
2019-01-05,23.32,False
2019-01-06,24.2,False
2019-01-07,37.84,False
2019-01-08,40.92,False
2019-01-09,40.04,False
2019-01-10,43.56,False
2019-01-11,39.16,False
2019-01-12,18.48,False
2019-01-13,19.8,False
2019-01-14,35.2,False
2019-01-15,34.76,False
2019-01-16,41.36,False
2019-01-17,38.28,False
2019-01-18,36.08,False
2019-01-19,21.56,False
2019-01-20,24.64,False
2019-01-21,35.64,False
2019-01-22,38.72,False
2019-01-23,40.48,False
2019-01-24,42.24,False
2019-01-25,39.16,False
2019-01-26,24.2,False
2019-01-27,27.72,False
2019-01-28,39.6,False
2019-01-29,39.6,False
2019-01-30,42.24,False
2019-01-31,44.0,False
2019-02-01,37.13,False
2019-02-02,23.97,False
2019-02-03,24.91,False
2019-02-04,40.42,False
2019-02-05,37.13,False
2019-02-06,39.01,False
2019-02-07,42.77,False
2019-02-08,42.3,False
2019-02-09,23.03,False
2019-02-10,23.97,False
2019-02-11,39.48,False
2019-02-12,39.95,False
2019-02-13,47.0,False
2019-02-14,40.89,False
2019-02-15,38.07,False
2019-02-16,23.03,False
2019-02-17,23.97,False
2019-02-18,35.72,False
2019-02-19,39.48,False
2019-02-20,42.77,False
2019-02-21,43.24,False
2019-02-22,43.71,False
2019-02-23,26.32,False
2019-02-24,24.44,False
2019-02-25,41.83,False
2019-02-26,42.3,False
2019-02-27,40.42,False
2019-02-28,40.42,False
2019-03-01,31.5,False
2019-03-02,23.4,False
2019-03-03,25.2,False
2019-03-04,39.15,False
2019-03-05,45.0,False
2019-03-06,37.8,False
2019-03-07,38.7,False
2019-03-08,32.85,False
2019-03-09,24.3,False
2019-03-10,22.95,False
2019-03-11,40.05,False
2019-03-12,40.95,False
2019-03-13,38.7,False
2019-03-14,36.9,False
2019-03-15,32.4,False
2019-03-16,18.0,False
2019-03-17,19.8,False
2019-03-18,30.15,False
2019-03-19,39.15,False
2019-03-20,33.75,False
2019-03-21,32.85,False
2019-03-22,33.3,False
2019-03-23,18.9,False
2019-03-24,22.5,False
2019-03-25,36.45,False
2019-03-26,37.35,False
2019-03-27,40.5,False
2019-03-28,38.7,False
2019-03-29,34.65,False
2019-03-30,18.9,False
2019-03-31,18.45,False
2019-04-01,38.27,False
2019-04-02,40.42,False
2019-04-03,39.56,False
2019-04-04,43.0,False
2019-04-05,33.11,False
2019-04-06,23.22,False
2019-04-07,22.36,False
2019-04-08,38.27,False
2019-04-09,43.0,False
2019-04-10,39.13,False
2019-04-11,40.85,False
2019-04-12,36.55,False
2019-04-13,19.78,False
2019-04-14,18.49,False
2019-04-15,38.7,False
2019-04-16,41.28,False
2019-04-17,39.56,False
2019-04-18,39.99,False
2019-04-19,26.66,False
2019-04-20,21.07,False
2019-04-21,20.64,False
2019-04-22,36.55,False
2019-04-23,41.71,False
2019-04-24,42.14,False
2019-04-25,39.56,False
2019-04-26,37.41,False
2019-04-27,21.93,False
2019-04-28,21.5,False
2019-04-29,39.13,False
2019-04-30,38.27,False
2019-05-01,33.44,False
2019-05-02,40.92,False
2019-05-03,36.52,False
2019-05-04,19.8,False
2019-05-05,22.44,False
2019-05-06,37.84,False
2019-05-07,43.12,False
2019-05-08,40.92,False
2019-05-09,44.0,False
2019-05-10,34.76,False
2019-05-11,21.12,False
2019-05-12,19.8,False
2019-05-13,39.16,False
2019-05-14,40.04,False
2019-05-15,37.4,False
2019-05-16,38.28,False
2019-05-17,36.96,False
2019-05-18,22.0,False
2019-05-19,25.08,False
2019-05-20,39.16,False
2019-05-21,40.92,False
2019-05-22,40.04,False
2019-05-23,36.52,False
2019-05-24,34.32,False
2019-05-25,20.24,False
2019-05-26,22.0,False
2019-05-27,29.04,False
2019-05-28,36.96,False
2019-05-29,39.16,False
2019-05-30,37.4,False
2019-05-31,36.08,False
2019-06-01,14.43,False
2019-06-02,14.04,False
2019-06-03,39.0,False
2019-06-04,28.47,False
2019-06-05,26.91,False
2019-06-06,23.79,False
2019-06-07,23.4,False
2019-06-08,14.82,False
2019-06-09,14.82,False
2019-06-10,22.62,False
2019-06-11,25.35,False
2019-06-12,24.96,False
2019-06-13,26.13,False
2019-06-14,21.84,False
2019-06-15,14.04,False
2019-06-16,16.77,False
2019-06-17,24.57,False
2019-06-18,26.52,False
2019-06-19,26.52,False
2019-06-20,26.91,False
2019-06-21,21.84,False
2019-06-22,12.87,False
2019-06-23,14.04,False
2019-06-24,24.18,False
2019-06-25,25.74,False
2019-06-26,23.01,False
2019-06-27,23.01,False
2019-06-28,22.23,False
2019-06-29,12.48,False
2019-06-30,12.09,False
2019-07-01,39.77,False
2019-07-02,33.21,False
2019-07-03,35.26,False
2019-07-04,34.44,False
2019-07-05,27.06,False
2019-07-06,16.81,False
2019-07-07,18.45,False
2019-07-08,36.9,False
2019-07-09,38.13,False
2019-07-10,36.08,False
2019-07-11,36.49,False
2019-07-12,34.85,False
2019-07-13,20.91,False
2019-07-14,20.5,False
2019-07-15,34.85,False
2019-07-16,39.77,False
2019-07-17,41.0,False
2019-07-18,40.59,False
2019-07-19,31.98,False
2019-07-20,22.96,False
2019-07-21,21.32,False
2019-07-22,37.72,False
2019-07-23,39.77,False
2019-07-24,37.31,False
2019-07-25,34.85,False
2019-07-26,30.75,False
2019-07-27,17.22,False
2019-07-28,16.81,False
2019-07-29,34.03,False
2019-07-30,35.26,False
2019-07-31,36.9,False
2019-08-01,33.2,False
2019-08-02,31.6,False
2019-08-03,17.2,False
2019-08-04,18.4,False
2019-08-05,32.4,False
2019-08-06,40.0,False
2019-08-07,32.4,False
2019-08-08,34.8,False
2019-08-09,26.4,False
2019-08-10,17.2,False
2019-08-11,22.8,False
2019-08-12,30.8,False
2019-08-13,34.8,False
2019-08-14,34.4,False
2019-08-15,31.6,False
2019-08-16,32.8,False
2019-08-17,19.6,False
2019-08-18,20.0,False
2019-08-19,35.2,False
2019-08-20,39.6,False
2019-08-21,35.2,False
2019-08-22,37.2,False
2019-08-23,34.4,False
2019-08-24,22.4,False
2019-08-25,22.0,False
2019-08-26,35.2,False
2019-08-27,36.4,False
2019-08-28,34.8,False
2019-08-29,37.2,False
2019-08-30,32.4,False
2019-08-31,18.8,False
2019-09-01,19.8,False
2019-09-02,26.84,False
2019-09-03,32.12,False
2019-09-04,33.88,False
2019-09-05,35.2,False
2019-09-06,28.6,False
2019-09-07,21.12,False
2019-09-08,18.48,False
2019-09-09,33.0,False
2019-09-10,36.08,False
2019-09-11,38.72,False
2019-09-12,35.2,False
2019-09-13,31.68,False
2019-09-14,20.24,False
2019-09-15,21.56,False
2019-09-16,35.64,False
2019-09-17,44.0,False
2019-09-18,37.4,False
2019-09-19,36.52,False
2019-09-20,36.52,False
2019-09-21,21.12,False
2019-09-22,23.32,False
2019-09-23,38.28,False
2019-09-24,35.64,False
2019-09-25,33.88,False
2019-09-26,38.28,False
2019-09-27,33.0,False
2019-09-28,18.92,False
2019-09-29,21.56,False
2019-09-30,35.64,False
2019-10-01,31.57,False
2019-10-02,33.62,False
2019-10-03,33.21,False
2019-10-04,34.44,False
2019-10-05,17.63,False
2019-10-06,20.91,False
2019-10-07,31.98,False
2019-10-08,38.54,False
2019-10-09,39.77,False
2019-10-10,35.67,False
2019-10-11,31.16,False
2019-10-12,19.27,False
2019-10-13,23.78,False
2019-10-14,38.54,False
2019-10-15,37.72,False
2019-10-16,38.95,False
2019-10-17,37.72,False
2019-10-18,38.54,False
2019-10-19,21.32,False
2019-10-20,23.78,False
2019-10-21,36.9,False
2019-10-22,41.0,False
2019-10-23,38.95,False
2019-10-24,36.49,False
2019-10-25,33.21,False
2019-10-26,17.63,False
2019-10-27,15.99,False
2019-10-28,35.26,False
2019-10-29,37.31,False
2019-10-30,35.26,False
2019-10-31,36.9,False
2019-11-01,30.08,False
2019-11-02,22.09,False
2019-11-03,24.44,False
2019-11-04,39.01,False
2019-11-05,46.06,False
2019-11-06,46.53,False
2019-11-07,45.59,False
2019-11-08,40.42,False
2019-11-09,23.5,False
2019-11-10,23.5,False
2019-11-11,39.95,False
2019-11-12,43.71,False
2019-11-13,42.3,False
2019-11-14,40.42,False
2019-11-15,38.54,False
2019-11-16,23.97,False
2019-11-17,25.85,False
2019-11-18,43.71,False
2019-11-19,46.06,False
2019-11-20,47.0,False
2019-11-21,41.83,False
2019-11-22,35.72,False
2019-11-23,23.03,False
2019-11-24,24.91,False
2019-11-25,39.95,False
2019-11-26,42.77,False
2019-11-27,39.01,False
2019-11-28,37.13,False
2019-11-29,32.9,False
2019-11-30,23.5,False
2019-12-01,26.55,False
2019-12-02,39.6,False
2019-12-03,43.65,False
2019-12-04,43.65,False
2019-12-05,45.0,False
2019-12-06,40.5,False
2019-12-07,24.75,False
2019-12-08,27.9,False
2019-12-09,40.5,False
2019-12-10,45.0,False
2019-12-11,44.1,False
2019-12-12,43.2,False
2019-12-13,38.25,False
2019-12-14,25.65,False
2019-12-15,23.85,False
2019-12-16,37.8,False
2019-12-17,42.75,False
2019-12-18,39.6,False
2019-12-19,40.95,False
2019-12-20,36.45,False
2019-12-21,20.7,False
2019-12-22,21.6,False
2019-12-23,30.15,False
2019-12-24,27.0,False
2019-12-25,22.95,False
2019-12-26,28.35,False
2019-12-27,31.05,False
2019-12-28,22.05,False
2019-12-29,20.7,False
2019-12-30,30.6,False
2019-12-31,26.55,False
2020-01-01,23.85,False
2020-01-02,34.65,False
2020-01-03,35.1,False
2020-01-04,24.75,False
2020-01-05,24.3,False
2020-01-06,40.5,False
2020-01-07,42.75,False
2020-01-08,40.95,False
2020-01-09,42.75,False
2020-01-10,35.1,False
2020-01-11,24.3,False
2020-01-12,23.85,False
2020-01-13,38.25,False
2020-01-14,40.5,False
2020-01-15,41.4,False
2020-01-16,45.0,False
2020-01-17,40.95,False
2020-01-18,25.2,False
2020-01-19,24.3,False
2020-01-20,37.35,False
2020-01-21,40.95,False
2020-01-22,42.3,False
2020-01-23,40.5,False
2020-01-24,35.1,False
2020-01-25,22.05,False
2020-01-26,24.75,False
2020-01-27,37.8,False
2020-01-28,38.25,False
2020-01-29,39.6,False
2020-01-30,43.65,False
2020-01-31,39.15,False
2020-02-01,24.5,False
2020-02-02,24.0,False
2020-02-03,43.5,False
2020-02-04,43.0,False
2020-02-05,41.5,False
2020-02-06,42.5,False
2020-02-07,41.5,False
2020-02-08,24.0,False
2020-02-09,23.0,False
2020-02-10,39.0,False
2020-02-11,45.5,False
2020-02-12,44.0,False
2020-02-13,42.5,False
2020-02-14,40.0,False
2020-02-15,24.5,False
2020-02-16,27.5,False
2020-02-17,42.0,False
2020-02-18,47.5,False
2020-02-19,50.0,False
2020-02-20,45.5,False
2020-02-21,38.0,False
2020-02-22,30.0,False
2020-02-23,25.5,False
2020-02-24,42.5,False
2020-02-25,39.5,False
2020-02-26,39.5,False
2020-02-27,41.5,False
2020-02-28,43.5,False
2020-02-29,31.5,False
2020-03-01,30.24,False
2020-03-02,42.0,False
2020-03-03,33.6,False
2020-03-04,35.28,False
2020-03-05,34.02,False
2020-03-06,31.08,False
2020-03-07,18.48,False
2020-03-08,18.9,False
2020-03-09,28.98,False
2020-03-10,31.5,False
2020-03-11,30.66,False
2020-03-12,29.4,False
2020-03-13,27.72,False
2020-03-14,17.64,False
2020-03-15,15.54,False
2020-03-16,25.62,False
2020-03-17,26.04,False
2020-03-18,26.04,False
2020-03-19,24.78,False
2020-03-20,24.78,False
2020-03-21,14.7,False
2020-03-22,15.12,False
2020-03-23,26.88,False
2020-03-24,27.3,False
2020-03-25,26.04,False
2020-03-26,25.2,False
2020-03-27,23.94,False
2020-03-28,16.8,False
2020-03-29,17.22,False
2020-03-30,23.52,False
2020-03-31,24.78,False
2020-04-01,34.85,False
2020-04-02,34.85,False
2020-04-03,33.62,False
2020-04-04,22.14,False
2020-04-05,21.32,False
2020-04-06,32.39,False
2020-04-07,35.67,False
2020-04-08,34.85,False
2020-04-09,31.57,False
2020-04-10,27.88,False
2020-04-11,20.91,False
2020-04-12,21.73,False
2020-04-13,31.57,False
2020-04-14,33.62,False
2020-04-15,36.9,False
2020-04-16,40.59,False
2020-04-17,36.08,False
2020-04-18,27.06,False
2020-04-19,22.96,False
2020-04-20,36.08,False
2020-04-21,38.95,False
2020-04-22,41.0,False
2020-04-23,39.77,False
2020-04-24,36.49,False
2020-04-25,22.96,False
2020-04-26,25.42,False
2020-04-27,37.31,False
2020-04-28,38.13,False
2020-04-29,37.72,False
2020-04-30,35.67,False
2020-05-01,28.16,False
2020-05-02,23.32,False
2020-05-03,19.8,False
2020-05-04,36.52,False
2020-05-05,33.44,False
2020-05-06,34.76,False
2020-05-07,34.76,False
2020-05-08,33.44,False
2020-05-09,24.64,False
2020-05-10,26.4,False
2020-05-11,36.96,False
2020-05-12,36.52,False
2020-05-13,33.88,False
2020-05-14,34.76,False
2020-05-15,44.0,False
2020-05-16,26.84,False
2020-05-17,23.76,False
2020-05-18,40.04,False
2020-05-19,40.48,False
2020-05-20,35.64,False
2020-05-21,37.4,False
2020-05-22,33.88,False
2020-05-23,23.76,False
2020-05-24,23.32,False
2020-05-25,28.6,False
2020-05-26,33.88,False
2020-05-27,36.52,False
2020-05-28,36.96,False
2020-05-29,34.76,False
2020-05-30,22.0,False
2020-05-31,21.56,False
2020-06-01,40.5,False
2020-06-02,41.4,False
2020-06-03,45.0,False
2020-06-04,40.05,False
2020-06-05,40.95,False
2020-06-06,28.35,False
2020-06-07,26.1,False
2020-06-08,38.7,False
2020-06-09,39.6,False
2020-06-10,41.4,False
2020-06-11,42.3,False
2020-06-12,38.25,False
2020-06-13,24.3,False
2020-06-14,23.85,False
2020-06-15,41.4,False
2020-06-16,38.7,False
2020-06-17,40.5,False
2020-06-18,39.6,False
2020-06-19,35.1,False
2020-06-20,26.1,False
2020-06-21,22.95,False
2020-06-22,37.8,False
2020-06-23,38.7,False
2020-06-24,40.95,False
2020-06-25,40.05,False
2020-06-26,41.85,False
2020-06-27,22.95,False
2020-06-28,22.95,False
2020-06-29,36.9,False
2020-06-30,40.5,False
2020-07-01,40.8,False
2020-07-02,39.36,False
2020-07-03,33.6,False
2020-07-04,25.92,False
2020-07-05,21.6,False
2020-07-06,42.72,False
2020-07-07,43.2,False
2020-07-08,40.8,False
2020-07-09,45.6,False
2020-07-10,43.68,False
2020-07-11,24.96,False
2020-07-12,24.0,False
2020-07-13,45.12,False
2020-07-14,43.68,False
2020-07-15,47.52,False
2020-07-16,43.68,False
2020-07-17,41.76,False
2020-07-18,22.56,False
2020-07-19,27.36,False
2020-07-20,42.24,False
2020-07-21,40.8,False
2020-07-22,39.84,False
2020-07-23,42.24,False
2020-07-24,43.68,False
2020-07-25,27.84,False
2020-07-26,25.92,False
2020-07-27,44.16,False
2020-07-28,48.0,False
2020-07-29,45.6,False
2020-07-30,40.8,False
2020-07-31,37.92,False
2020-08-01,20.7,False
2020-08-02,24.3,False
2020-08-03,36.45,False
2020-08-04,38.7,False
2020-08-05,40.05,False
2020-08-06,42.3,False
2020-08-07,40.5,False
2020-08-08,26.1,False
2020-08-09,25.2,False
2020-08-10,39.6,False
2020-08-11,35.55,False
2020-08-12,38.7,False
2020-08-13,40.95,False
2020-08-14,35.1,False
2020-08-15,22.05,False
2020-08-16,25.65,False
2020-08-17,39.6,False
2020-08-18,43.2,False
2020-08-19,39.15,False
2020-08-20,39.6,False
2020-08-21,36.9,False
2020-08-22,23.85,False
2020-08-23,26.1,False
2020-08-24,38.7,False
2020-08-25,40.5,False
2020-08-26,40.05,False
2020-08-27,45.0,False
2020-08-28,40.05,False
2020-08-29,28.8,False
2020-08-30,25.65,False
2020-08-31,39.6,False
2020-09-01,45.0,False
2020-09-02,48.5,False
2020-09-03,50.0,False
2020-09-04,42.5,False
2020-09-05,31.5,False
2020-09-06,27.5,False
2020-09-07,48.0,False
2020-09-08,49.0,False
2020-09-09,47.5,False
2020-09-10,44.0,False
2020-09-11,46.0,False
2020-09-12,30.5,False
2020-09-13,29.5,False
2020-09-14,44.5,False
2020-09-15,46.0,False
2020-09-16,47.5,False
2020-09-17,47.5,False
2020-09-18,40.5,False
2020-09-19,29.0,False
2020-09-20,28.0,False
2020-09-21,42.5,False
2020-09-22,47.0,False
2020-09-23,48.5,False
2020-09-24,47.5,False
2020-09-25,40.0,False
2020-09-26,31.0,False
2020-09-27,28.0,False
2020-09-28,45.0,False
2020-09-29,46.5,False
2020-09-30,42.0,False
2020-10-01,38.88,False
2020-10-02,31.68,False
2020-10-03,26.4,False
2020-10-04,23.04,False
2020-10-05,42.72,False
2020-10-06,43.68,False
2020-10-07,43.68,False
2020-10-08,46.56,False
2020-10-09,40.32,False
2020-10-10,26.4,False
2020-10-11,23.04,False
2020-10-12,46.56,False
2020-10-13,40.32,False
2020-10-14,48.0,False
2020-10-15,41.28,False
2020-10-16,40.8,False
2020-10-17,29.28,False
2020-10-18,24.0,False
2020-10-19,40.32,False
2020-10-20,44.64,False
2020-10-21,41.76,False
2020-10-22,43.2,False
2020-10-23,38.4,False
2020-10-24,23.04,False
2020-10-25,23.04,False
2020-10-26,37.92,False
2020-10-27,39.36,False
2020-10-28,40.8,False
2020-10-29,38.4,False
2020-10-30,32.16,False
2020-10-31,24.96,False
2020-11-01,24.64,False
2020-11-02,36.08,False
2020-11-03,39.6,False
2020-11-04,30.8,False
2020-11-05,36.52,False
2020-11-06,32.56,False
2020-11-07,24.2,False
2020-11-08,23.32,False
2020-11-09,41.8,False
2020-11-10,40.48,False
2020-11-11,41.8,False
2020-11-12,37.4,False
2020-11-13,34.32,False
2020-11-14,20.24,False
2020-11-15,19.8,False
2020-11-16,36.08,False
2020-11-17,44.0,False
2020-11-18,40.92,False
2020-11-19,40.04,False
2020-11-20,40.92,False
2020-11-21,25.52,False
2020-11-22,25.08,False
2020-11-23,38.72,False
2020-11-24,44.0,False
2020-11-25,39.16,False
2020-11-26,34.76,False
2020-11-27,32.12,False
2020-11-28,25.52,False
2020-11-29,24.2,False
2020-11-30,38.28,False
2020-12-01,40.8,False
2020-12-02,42.33,False
2020-12-03,43.86,False
2020-12-04,41.31,False
2020-12-05,34.68,False
2020-12-06,27.54,False
2020-12-07,44.88,False
2020-12-08,47.94,False
2020-12-09,45.39,False
2020-12-10,42.84,False
2020-12-11,41.31,False
2020-12-12,31.11,False
2020-12-13,24.99,False
2020-12-14,51.0,False
2020-12-15,46.92,False
2020-12-16,50.49,False
2020-12-17,48.96,False
2020-12-18,43.35,False
2020-12-19,29.07,False
2020-12-20,24.48,False
2020-12-21,47.43,False
2020-12-22,39.78,False
2020-12-23,36.21,False
2020-12-24,35.7,False
2020-12-25,21.93,False
2020-12-26,26.01,False
2020-12-27,28.56,False
2020-12-28,39.78,False
2020-12-29,38.25,False
2020-12-30,38.25,False
2020-12-31,31.11,False
2021-01-01,20.72,False
2021-01-02,24.64,False
2021-01-03,23.52,False
2021-01-04,42.0,False
2021-01-05,47.6,False
2021-01-06,42.56,False
2021-01-07,42.56,False
2021-01-08,48.16,False
2021-01-09,33.04,False
2021-01-10,27.44,False
2021-01-11,46.48,False
2021-01-12,50.96,False
2021-01-13,50.4,False
2021-01-14,48.72,False
2021-01-15,49.28,False
2021-01-16,26.32,False
2021-01-17,26.88,False
2021-01-18,43.12,False
2021-01-19,56.0,False
2021-01-20,50.4,False
2021-01-21,54.88,False
2021-01-22,51.52,False
2021-01-23,34.72,False
2021-01-24,29.68,False
2021-01-25,48.16,False
2021-01-26,48.16,False
2021-01-27,54.88,False
2021-01-28,52.08,False
2021-01-29,47.6,False
2021-01-30,33.6,False
2021-01-31,34.72,False
2021-02-01,63.2,False
2021-02-02,52.93,False
2021-02-03,59.25,False
2021-02-04,72.68,False
2021-02-05,66.36,False
2021-02-06,42.66,False
2021-02-07,42.66,False
2021-02-08,75.05,False
2021-02-09,70.31,False
2021-02-10,71.89,False
2021-02-11,68.73,False
2021-02-12,75.05,False
2021-02-13,42.66,False
2021-02-14,38.71,False
2021-02-15,49.77,False
2021-02-16,63.99,False
2021-02-17,57.67,False
2021-02-18,62.41,False
2021-02-19,50.56,False
2021-02-20,40.29,False
2021-02-21,41.87,False
2021-02-22,59.25,False
2021-02-23,57.67,False
2021-02-24,71.1,False
2021-02-25,79.0,False
2021-02-26,63.99,False
2021-02-27,41.08,False
2021-02-28,40.29,False
2021-03-01,54.0,False
2021-03-02,66.75,False
2021-03-03,68.25,False
2021-03-04,66.0,False
2021-03-05,62.25,False
2021-03-06,42.0,False
2021-03-07,36.0,False
2021-03-08,66.0,False
2021-03-09,69.75,False
2021-03-10,64.5,False
2021-03-11,62.25,False
2021-03-12,56.25,False
2021-03-13,37.5,False
2021-03-14,35.25,False
2021-03-15,61.5,False
2021-03-16,69.75,False
2021-03-17,68.25,False
2021-03-18,63.75,False
2021-03-19,58.5,False
2021-03-20,38.25,False
2021-03-21,36.0,False
2021-03-22,66.0,False
2021-03-23,64.5,False
2021-03-24,69.75,False
2021-03-25,75.0,False
2021-03-26,68.25,False
2021-03-27,39.75,False
2021-03-28,33.75,False
2021-03-29,51.75,False
2021-03-30,59.25,False
2021-03-31,69.0,False
2021-04-01,67.9,False
2021-04-02,48.3,False
2021-04-03,37.8,False
2021-04-04,37.8,False
2021-04-05,56.0,False
2021-04-06,56.7,False
2021-04-07,57.4,False
2021-04-08,64.4,False
2021-04-09,57.4,False
2021-04-10,38.5,False
2021-04-11,36.4,False
2021-04-12,70.0,False
2021-04-13,67.2,False
2021-04-14,53.9,False
2021-04-15,63.7,False
2021-04-16,55.3,False
2021-04-17,39.9,False
2021-04-18,32.2,False
2021-04-19,56.7,False
2021-04-20,55.3,False
2021-04-21,52.5,False
2021-04-22,65.1,False
2021-04-23,56.7,False
2021-04-24,35.0,False
2021-04-25,37.8,False
2021-04-26,64.4,False
2021-04-27,61.6,False
2021-04-28,60.9,False
2021-04-29,58.1,False
2021-04-30,54.6,False
2021-05-01,35.51,False
2021-05-02,34.84,False
2021-05-03,64.32,False
2021-05-04,67.0,False
2021-05-05,64.99,False
2021-05-06,64.99,False
2021-05-07,58.96,False
2021-05-08,44.89,False
2021-05-09,37.52,False
2021-05-10,65.66,False
2021-05-11,60.3,False
2021-05-12,58.29,False
2021-05-13,54.94,False
2021-05-14,53.6,False
2021-05-15,38.19,False
2021-05-16,28.14,False
2021-05-17,53.6,False
2021-05-18,55.61,False
2021-05-19,64.99,False
2021-05-20,60.3,False
2021-05-21,59.63,False
2021-05-22,34.17,False
2021-05-23,32.16,False
2021-05-24,55.61,False
2021-05-25,54.94,False
2021-05-26,54.27,False
2021-05-27,58.29,False
2021-05-28,54.27,False
2021-05-29,37.52,False
2021-05-30,33.5,False
2021-05-31,47.57,False
2021-06-01,63.05,False
2021-06-02,58.5,False
2021-06-03,59.15,False
2021-06-04,57.85,False
2021-06-05,37.05,False
2021-06-06,37.7,False
2021-06-07,55.9,False
2021-06-08,63.7,False
2021-06-09,64.35,False
2021-06-10,65.0,False
2021-06-11,58.5,False
2021-06-12,40.3,False
2021-06-13,35.75,False
2021-06-14,57.85,False
2021-06-15,59.15,False
2021-06-16,58.5,False
2021-06-17,65.0,False
2021-06-18,54.6,False
2021-06-19,39.0,False
2021-06-20,34.45,False
2021-06-21,59.15,False
2021-06-22,59.15,False
2021-06-23,55.9,False
2021-06-24,55.25,False
2021-06-25,56.55,False
2021-06-26,35.75,False
2021-06-27,33.8,False
2021-06-28,51.35,False
2021-06-29,53.95,False
2021-06-30,55.9,False
2021-07-01,51.85,False
2021-07-02,42.7,False
2021-07-03,31.72,False
2021-07-04,32.33,False
2021-07-05,42.09,False
2021-07-06,51.85,False
2021-07-07,57.34,False
2021-07-08,53.68,False
2021-07-09,51.24,False
2021-07-10,36.6,False
2021-07-11,32.33,False
2021-07-12,52.46,False
2021-07-13,61.0,False
2021-07-14,56.12,False
2021-07-15,54.9,False
2021-07-16,51.85,False
2021-07-17,35.38,False
2021-07-18,31.72,False
2021-07-19,54.29,False
2021-07-20,51.85,False
2021-07-21,48.19,False
2021-07-22,53.07,False
2021-07-23,49.41,False
2021-07-24,32.33,False
2021-07-25,29.89,False
2021-07-26,45.14,False
2021-07-27,50.63,False
2021-07-28,51.24,False
2021-07-29,54.29,False
2021-07-30,45.14,False
2021-07-31,32.33,False
2021-08-01,31.62,False
2021-08-02,53.94,False
2021-08-03,56.42,False
2021-08-04,57.66,False
2021-08-05,62.0,False
2021-08-06,48.36,False
2021-08-07,37.2,False
2021-08-08,32.24,False
2021-08-09,51.46,False
2021-08-10,57.04,False
2021-08-11,58.28,False
2021-08-12,50.84,False
2021-08-13,49.6,False
2021-08-14,29.76,False
2021-08-15,29.14,False
2021-08-16,49.6,False
2021-08-17,52.7,False
2021-08-18,58.28,False
2021-08-19,57.04,False
2021-08-20,53.94,False
2021-08-21,37.2,False
2021-08-22,31.62,False
2021-08-23,59.52,False
2021-08-24,50.22,False
2021-08-25,57.04,False
2021-08-26,56.42,False
2021-08-27,53.94,False
2021-08-28,35.34,False
2021-08-29,32.86,False
2021-08-30,50.22,False
2021-08-31,53.32,False
2021-09-01,62.31,False
2021-09-02,65.66,False
2021-09-03,67.0,False
2021-09-04,40.87,False
2021-09-05,34.17,False
2021-09-06,57.62,False
2021-09-07,62.98,False
2021-09-08,55.61,False
2021-09-09,58.29,False
2021-09-10,59.63,False
2021-09-11,40.2,False
2021-09-12,38.19,False
2021-09-13,57.62,False
2021-09-14,64.99,False
2021-09-15,57.62,False
2021-09-16,58.29,False
2021-09-17,55.61,False
2021-09-18,35.51,False
2021-09-19,32.16,False
2021-09-20,51.59,False
2021-09-21,56.28,False
2021-09-22,55.61,False
2021-09-23,58.96,False
2021-09-24,58.29,False
2021-09-25,34.17,False
2021-09-26,32.83,False
2021-09-27,59.63,False
2021-09-28,62.98,False
2021-09-29,63.65,False
2021-09-30,54.94,False
2021-10-01,53.1,False
2021-10-02,32.45,False
2021-10-03,31.86,False
2021-10-04,48.38,False
2021-10-05,59.0,False
2021-10-06,52.51,False
2021-10-07,47.79,False
2021-10-08,46.61,False
2021-10-09,35.99,False
2021-10-10,32.45,False
2021-10-11,48.38,False
2021-10-12,52.51,False
2021-10-13,55.46,False
2021-10-14,54.28,False
2021-10-15,45.43,False
2021-10-16,29.5,False
2021-10-17,34.22,False
2021-10-18,50.74,False
2021-10-19,48.97,False
2021-10-20,50.74,False
2021-10-21,57.82,False
2021-10-22,57.23,False
2021-10-23,34.22,False
2021-10-24,30.09,False
2021-10-25,54.28,False
2021-10-26,57.82,False
2021-10-27,53.69,False
2021-10-28,50.74,False
2021-10-29,51.92,False
2021-10-30,34.81,False
2021-10-31,30.68,False
2021-11-01,55.44,False
2021-11-02,58.59,False
2021-11-03,53.55,False
2021-11-04,54.81,False
2021-11-05,49.14,False
2021-11-06,33.39,False
2021-11-07,35.28,False
2021-11-08,57.33,False
2021-11-09,63.0,False
2021-11-10,55.44,False
2021-11-11,57.33,False
2021-11-12,54.81,False
2021-11-13,37.8,False
2021-11-14,35.28,False
2021-11-15,55.44,False
2021-11-16,59.85,False
2021-11-17,56.7,False
2021-11-18,55.44,False
2021-11-19,53.55,False
2021-11-20,33.39,False
2021-11-21,30.87,False
2021-11-22,55.44,False
2021-11-23,55.44,False
2021-11-24,56.07,False
2021-11-25,46.62,False
2021-11-26,44.1,False
2021-11-27,37.17,False
2021-11-28,32.76,False
2021-11-29,50.4,False
2021-11-30,56.7,False
2021-12-01,38.19,False
2021-12-02,38.19,False
2021-12-03,37.52,False
2021-12-04,23.45,False
2021-12-05,23.45,False
2021-12-06,38.86,False
2021-12-07,38.19,False
2021-12-08,40.87,False
2021-12-09,38.86,False
2021-12-10,40.2,False
2021-12-11,24.79,False
2021-12-12,24.79,False
2021-12-13,36.18,False
2021-12-14,39.53,False
2021-12-15,67.0,False
2021-12-16,65.66,False
2021-12-17,53.6,False
2021-12-18,35.51,False
2021-12-19,26.8,False
2021-12-20,38.19,False
2021-12-21,40.2,False
2021-12-22,40.2,False
2021-12-23,36.85,False
2021-12-24,32.83,False
2021-12-25,25.46,False
2021-12-26,26.13,False
2021-12-27,35.51,False
2021-12-28,40.2,False
2021-12-29,40.87,False
2021-12-30,36.85,False
2021-12-31,29.48,False
2022-01-01,26.97,False
2022-01-02,29.58,False
2022-01-03,41.76,False
2022-01-04,87.0,False
2022-01-05,37.41,False
2022-01-06,39.15,False
2022-01-07,45.24,False
2022-01-08,33.06,False
2022-01-09,26.97,False
2022-01-10,44.37,False
2022-01-11,47.85,False
2022-01-12,40.89,False
2022-01-13,80.91,False
2022-01-14,38.28,False
2022-01-15,29.58,False
2022-01-16,47.85,False
2022-01-17,42.63,False
2022-01-18,41.76,False
2022-01-19,45.24,False
2022-01-20,47.85,False
2022-01-21,49.59,False
2022-01-22,34.8,False
2022-01-23,33.06,False
2022-01-24,53.07,False
2022-01-25,49.59,False
2022-01-26,40.89,False
2022-01-27,46.98,False
2022-01-28,50.46,False
2022-01-29,36.54,False
2022-01-30,29.58,False
2022-01-31,46.11,False
2022-02-01,65.0,False
2022-02-02,67.0,False
2022-02-03,61.0,False
2022-02-04,53.0,False
2022-02-05,42.0,False
2022-02-06,36.0,False
2022-02-07,65.0,False
2022-02-08,70.0,False
2022-02-09,67.0,False
2022-02-10,49.0,False
2022-02-11,61.0,False
2022-02-12,40.0,False
2022-02-13,38.0,False
2022-02-14,70.0,False
2022-02-15,100.0,False
2022-02-16,85.0,False
2022-02-17,73.0,False
2022-02-18,77.0,False
2022-02-19,52.0,False
2022-02-20,54.0,False
2022-02-21,74.0,False
2022-02-22,74.0,False
2022-02-23,74.0,False
2022-02-24,86.0,False
2022-02-25,77.0,False
2022-02-26,55.0,False
2022-02-27,45.0,False
2022-02-28,67.0,False
2022-03-01,84.0,False
2022-03-02,97.0,False
2022-03-03,100.0,False
2022-03-04,79.0,False
2022-03-05,63.0,False
2022-03-06,56.0,False
2022-03-07,92.0,False
2022-03-08,88.0,False
2022-03-09,97.0,False
2022-03-10,88.0,False
2022-03-11,84.0,False
2022-03-12,68.0,False
2022-03-13,62.0,False
2022-03-14,86.0,False
2022-03-15,84.0,False
2022-03-16,88.0,False
2022-03-17,74.0,False
2022-03-18,70.0,False
2022-03-19,49.0,False
2022-03-20,53.0,False
2022-03-21,83.0,False
2022-03-22,87.0,False
2022-03-23,84.0,False
2022-03-24,85.0,False
2022-03-25,87.0,False
2022-03-26,61.0,False
2022-03-27,57.0,False
2022-03-28,85.0,False
2022-03-29,86.0,False
2022-03-30,93.0,False
2022-03-31,88.0,False
2022-04-01,74.8,False
2022-04-02,57.2,False
2022-04-03,56.32,False
2022-04-04,81.84,False
2022-04-05,80.08,False
2022-04-06,88.0,False
2022-04-07,84.48,False
2022-04-08,72.16,False
2022-04-09,56.32,False
2022-04-10,46.64,False
2022-04-11,73.04,False
2022-04-12,72.16,False
2022-04-13,68.64,False
2022-04-14,64.24,False
2022-04-15,62.48,False
2022-04-16,46.64,False
2022-04-17,51.04,False
2022-04-18,73.92,False
2022-04-19,73.92,False
2022-04-20,77.44,False
2022-04-21,73.04,False
2022-04-22,66.0,False
2022-04-23,51.92,False
2022-04-24,51.92,False
2022-04-25,67.76,False
2022-04-26,67.76,False
2022-04-27,75.68,False
2022-04-28,72.16,False
2022-04-29,65.12,False
2022-04-30,57.2,False
2022-05-01,47.79,False
2022-05-02,53.46,False
2022-05-03,46.98,False
2022-05-04,51.84,False
2022-05-05,46.17,False
2022-05-06,38.88,False
2022-05-07,33.21,False
2022-05-08,32.4,False
2022-05-09,51.84,False
2022-05-10,54.27,False
2022-05-11,57.51,False
2022-05-12,46.98,False
2022-05-13,46.98,False
2022-05-14,42.93,False
2022-05-15,40.5,False
2022-05-16,59.13,False
2022-05-17,61.56,False
2022-05-18,66.42,False
2022-05-19,81.0,False
2022-05-20,61.56,False
2022-05-21,30.78,False
2022-05-22,27.54,False
2022-05-23,42.12,False
2022-05-24,46.17,False
2022-05-25,42.12,False
2022-05-26,38.88,False
2022-05-27,38.07,False
2022-05-28,25.92,False
2022-05-29,27.54,False
2022-05-30,36.45,False
2022-05-31,40.5,False
2022-06-01,51.84,False
2022-06-02,49.92,False
2022-06-03,44.16,False
2022-06-04,33.92,False
2022-06-05,32.0,False
2022-06-06,49.92,False
2022-06-07,50.56,False
2022-06-08,50.56,False
2022-06-09,48.0,False
2022-06-10,46.72,False
2022-06-11,30.08,False
2022-06-12,30.72,False
2022-06-13,49.92,False
2022-06-14,48.64,False
2022-06-15,64.0,False
2022-06-16,50.56,False
2022-06-17,42.24,False
2022-06-18,35.2,False
2022-06-19,31.36,False
2022-06-20,46.72,False
2022-06-21,53.12,False
2022-06-22,49.92,False
2022-06-23,51.84,False
2022-06-24,42.24,False
2022-06-25,30.08,False
2022-06-26,32.0,False
2022-06-27,49.92,False
2022-06-28,52.48,False
2022-06-29,55.04,False
2022-06-30,45.44,False
2022-07-01,50.4,False
2022-07-02,38.5,False
2022-07-03,35.7,False
2022-07-04,45.5,False
2022-07-05,54.6,False
2022-07-06,54.6,False
2022-07-07,48.3,False
2022-07-08,44.8,False
2022-07-09,30.8,False
2022-07-10,32.9,False
2022-07-11,48.3,False
2022-07-12,47.6,False
2022-07-13,53.9,False
2022-07-14,60.2,False
2022-07-15,49.7,False
2022-07-16,35.0,False
2022-07-17,42.0,False
2022-07-18,58.8,False
2022-07-19,66.5,False
2022-07-20,59.5,False
2022-07-21,60.2,False
2022-07-22,49.0,False
2022-07-23,38.5,False
2022-07-24,39.2,False
2022-07-25,49.0,False
2022-07-26,58.1,False
2022-07-27,66.5,False
2022-07-28,70.0,False
2022-07-29,62.3,False
2022-07-30,40.6,False
2022-07-31,38.5,False
2022-08-01,47.52,False
2022-08-02,53.28,False
2022-08-03,72.0,False
2022-08-04,67.68,False
2022-08-05,55.44,False
2022-08-06,39.6,False
2022-08-07,33.84,False
2022-08-08,52.56,False
2022-08-09,59.04,False
2022-08-10,59.76,False
2022-08-11,53.28,False
2022-08-12,42.48,False
2022-08-13,30.24,False
2022-08-14,28.8,False
2022-08-15,39.6,False
2022-08-16,48.96,False
2022-08-17,50.4,False
2022-08-18,45.36,False
2022-08-19,39.6,False
2022-08-20,29.52,False
2022-08-21,30.24,False
2022-08-22,46.8,False
2022-08-23,49.68,False
2022-08-24,46.8,False
2022-08-25,45.36,False
2022-08-26,42.48,False
2022-08-27,28.8,False
2022-08-28,30.24,False
2022-08-29,42.48,False
2022-08-30,41.76,False
2022-08-31,43.2,False
2022-09-01,48.18,False
2022-09-02,39.42,False
2022-09-03,26.28,False
2022-09-04,26.28,False
2022-09-05,37.23,False
2022-09-06,39.42,False
2022-09-07,43.8,False
2022-09-08,43.07,False
2022-09-09,38.69,False
2022-09-10,28.47,False
2022-09-11,27.74,False
2022-09-12,54.75,False
2022-09-13,60.59,False
2022-09-14,73.0,False
2022-09-15,64.97,False
2022-09-16,56.21,False
2022-09-17,34.31,False
2022-09-18,35.04,False
2022-09-19,51.1,False
2022-09-20,48.18,False
2022-09-21,54.75,False
2022-09-22,54.02,False
2022-09-23,45.99,False
2022-09-24,32.85,False
2022-09-25,32.12,False
2022-09-26,48.18,False
2022-09-27,47.45,False
2022-09-28,46.72,False
2022-09-29,48.18,False
2022-09-30,38.69,False
2022-10-01,31.95,False
2022-10-02,26.98,False
2022-10-03,42.6,False
2022-10-04,49.7,False
2022-10-05,46.15,False
2022-10-06,51.83,False
2022-10-07,51.83,False
2022-10-08,36.21,False
2022-10-09,36.92,False
2022-10-10,55.38,False
2022-10-11,65.32,False
2022-10-12,60.35,False
2022-10-13,61.77,False
2022-10-14,59.64,False
2022-10-15,46.15,False
2022-10-16,58.93,False
2022-10-17,71.0,False
2022-10-18,67.45,False
2022-10-19,61.77,False
2022-10-20,56.09,False
2022-10-21,54.67,False
2022-10-22,36.21,False
2022-10-23,29.11,False
2022-10-24,44.02,False
2022-10-25,51.12,False
2022-10-26,51.12,False
2022-10-27,54.67,False
2022-10-28,51.83,False
2022-10-29,32.66,False
2022-10-30,35.5,False
2022-10-31,56.09,False
2022-11-01,49.0,False
2022-11-02,44.1,False
2022-11-03,46.2,False
2022-11-04,43.4,False
2022-11-05,28.7,False
2022-11-06,27.3,False
2022-11-07,45.5,False
2022-11-08,49.0,False
2022-11-09,51.1,False
2022-11-10,47.6,False
2022-11-11,46.2,False
2022-11-12,32.9,False
2022-11-13,32.2,False
2022-11-14,52.5,False
2022-11-15,70.0,False
2022-11-16,54.6,False
2022-11-17,57.4,False
2022-11-18,49.7,False
2022-11-19,36.4,False
2022-11-20,32.9,False
2022-11-21,52.5,False
2022-11-22,46.9,False
2022-11-23,47.6,False
2022-11-24,44.8,False
2022-11-25,37.1,False
2022-11-26,32.2,False
2022-11-27,30.8,False
2022-11-28,46.9,False
2022-11-29,49.7,False
2022-11-30,48.3,False
2022-12-01,57.6,False
2022-12-02,56.88,False
2022-12-03,46.08,False
2022-12-04,43.92,False
2022-12-05,65.52,False
2022-12-06,72.0,False
2022-12-07,70.56,False
2022-12-08,70.56,False
2022-12-09,63.36,False
2022-12-10,50.4,False
2022-12-11,46.8,False
2022-12-12,68.4,False
2022-12-13,66.96,False
2022-12-14,66.96,False
2022-12-15,65.52,False
2022-12-16,64.8,False
2022-12-17,43.2,False
2022-12-18,41.76,False
2022-12-19,61.92,False
2022-12-20,64.8,False
2022-12-21,63.36,False
2022-12-22,60.48,False
2022-12-23,47.52,False
2022-12-24,38.16,False
2022-12-25,38.88,False
2022-12-26,46.8,False
2022-12-27,48.24,False
2022-12-28,53.28,False
2022-12-29,51.12,False
2022-12-30,47.52,False
2022-12-31,35.28,False
2023-01-01,36.5,False
2023-01-02,45.99,False
2023-01-03,57.67,False
2023-01-04,60.59,False
2023-01-05,63.51,False
2023-01-06,60.59,False
2023-01-07,42.34,False
2023-01-08,43.07,False
2023-01-09,67.16,False
2023-01-10,66.43,False
2023-01-11,66.43,False
2023-01-12,66.43,False
2023-01-13,64.24,False
2023-01-14,40.15,False
2023-01-15,43.07,False
2023-01-16,62.05,False
2023-01-17,63.51,False
2023-01-18,67.89,False
2023-01-19,67.89,False
2023-01-20,63.51,False
2023-01-21,43.8,False
2023-01-22,45.99,False
2023-01-23,65.7,False
2023-01-24,64.97,False
2023-01-25,64.97,False
2023-01-26,64.24,False
2023-01-27,67.16,False
2023-01-28,48.18,False
2023-01-29,48.18,False
2023-01-30,67.89,False
2023-01-31,73.0,False
2023-02-01,80.19,False
2023-02-02,76.14,False
2023-02-03,63.99,False
2023-02-04,47.79,False
2023-02-05,48.6,False
2023-02-06,70.47,False
2023-02-07,69.66,False
2023-02-08,81.0,False
2023-02-09,72.9,False
2023-02-10,67.23,False
2023-02-11,44.55,False
2023-02-12,46.17,False
2023-02-13,64.8,False
2023-02-14,70.47,False
2023-02-15,72.09,False
2023-02-16,71.28,False
2023-02-17,60.75,False
2023-02-18,43.74,False
2023-02-19,44.55,False
2023-02-20,63.99,False
2023-02-21,68.85,False
2023-02-22,67.23,False
2023-02-23,62.37,False
2023-02-24,60.75,False
2023-02-25,42.12,False
2023-02-26,42.12,False
2023-02-27,67.23,False
2023-02-28,70.47,False
2023-03-01,60.0,False
2023-03-02,64.0,False
2023-03-03,59.2,False
2023-03-04,45.6,False
2023-03-05,77.6,False
2023-03-06,80.0,False
2023-03-07,47.2,False
2023-03-08,43.2,False
2023-03-09,49.6,False
2023-03-10,44.0,False
2023-03-11,31.2,False
2023-03-12,31.2,False
2023-03-13,44.8,False
2023-03-14,52.0,False
2023-03-15,48.8,False
2023-03-16,48.0,False
2023-03-17,40.0,False
2023-03-18,31.2,False
2023-03-19,32.8,False
2023-03-20,48.0,False
2023-03-21,46.4,False
2023-03-22,46.4,False
2023-03-23,46.4,False
2023-03-24,43.2,False
2023-03-25,35.2,False
2023-03-26,36.0,False
2023-03-27,52.0,False
2023-03-28,49.6,False
2023-03-29,48.0,False
2023-03-30,45.6,False
2023-03-31,45.6,False
2023-04-01,38.4,False
2023-04-02,36.48,False
2023-04-03,58.24,False
2023-04-04,56.32,False
2023-04-05,59.52,False
2023-04-06,56.96,False
2023-04-07,44.8,False
2023-04-08,34.56,False
2023-04-09,36.48,False
2023-04-10,56.96,False
2023-04-11,60.16,False
2023-04-12,56.96,False
2023-04-13,61.44,False
2023-04-14,48.64,False
2023-04-15,34.56,False
2023-04-16,33.28,False
2023-04-17,56.32,False
2023-04-18,58.88,False
2023-04-19,59.52,False
2023-04-20,58.24,False
2023-04-21,48.64,False
2023-04-22,34.56,False
2023-04-23,37.76,False
2023-04-24,53.12,False
2023-04-25,56.96,False
2023-04-26,64.0,False
2023-04-27,61.44,False
2023-04-28,58.88,False
2023-04-29,37.12,False
2023-04-30,33.92,False
2023-05-01,48.98,False
2023-05-02,57.04,False
2023-05-03,52.7,False
2023-05-04,51.46,False
2023-05-05,43.4,False
2023-05-06,35.96,False
2023-05-07,34.72,False
2023-05-08,51.46,False
2023-05-09,52.08,False
2023-05-10,46.5,False
2023-05-11,50.84,False
2023-05-12,46.5,False
2023-05-13,32.24,False
2023-05-14,27.9,False
2023-05-15,52.08,False
2023-05-16,49.6,False
2023-05-17,54.56,False
2023-05-18,53.94,False
2023-05-19,48.36,False
2023-05-20,31.62,False
2023-05-21,31.0,False
2023-05-22,49.6,False
2023-05-23,59.52,False
2023-05-24,52.7,False
2023-05-25,62.0,False
2023-05-26,62.0,False
2023-05-27,38.44,False
2023-05-28,35.96,False
2023-05-29,45.26,False
2023-05-30,58.9,False
2023-05-31,55.8,False
2023-06-01,57.62,False
2023-06-02,48.91,False
2023-06-03,34.17,False
2023-06-04,37.52,False
2023-06-05,56.95,False
2023-06-06,60.97,False
2023-06-07,55.61,False
2023-06-08,63.65,False
2023-06-09,50.92,False
2023-06-10,34.84,False
2023-06-11,39.53,False
2023-06-12,60.97,False
2023-06-13,64.99,False
2023-06-14,63.65,False
2023-06-15,58.96,False
2023-06-16,57.62,False
2023-06-17,36.18,False
2023-06-18,35.51,False
2023-06-19,56.95,False
2023-06-20,60.3,False
2023-06-21,67.0,False
2023-06-22,61.64,False
2023-06-23,56.95,False
2023-06-24,40.2,False
2023-06-25,38.19,False
2023-06-26,58.29,False
2023-06-27,59.63,False
2023-06-28,60.3,False
2023-06-29,58.29,False
2023-06-30,52.26,False
2023-07-01,33.12,False
2023-07-02,29.67,False
2023-07-03,40.71,False
2023-07-04,48.99,False
2023-07-05,53.13,False
2023-07-06,49.68,False
2023-07-07,42.09,False
2023-07-08,30.36,False
2023-07-09,33.81,False
2023-07-10,52.44,False
2023-07-11,57.96,False
2023-07-12,56.58,False
2023-07-13,47.61,False
2023-07-14,45.54,False
2023-07-15,31.74,False
2023-07-16,29.67,False
2023-07-17,53.13,False
2023-07-18,48.3,False
2023-07-19,46.92,False
2023-07-20,52.44,False
2023-07-21,46.92,False
2023-07-22,31.05,False
2023-07-23,28.98,False
2023-07-24,47.61,False
2023-07-25,46.23,False
2023-07-26,59.34,False
2023-07-27,55.89,False
2023-07-28,69.0,False
2023-07-29,53.13,False
2023-07-30,44.16,False
2023-07-31,59.34,False
2023-08-01,65.96,False
2023-08-02,66.64,False
2023-08-03,61.2,False
2023-08-04,53.04,False
2023-08-05,36.04,False
2023-08-06,37.4,False
2023-08-07,53.04,False
2023-08-08,61.2,False
2023-08-09,59.84,False
2023-08-10,51.68,False
2023-08-11,50.32,False
2023-08-12,32.64,False
2023-08-13,34.68,False
2023-08-14,48.28,False
2023-08-15,51.0,False
2023-08-16,63.92,False
2023-08-17,59.16,False
2023-08-18,52.36,False
2023-08-19,34.0,False
2023-08-20,34.0,False
2023-08-21,54.4,False
2023-08-22,57.8,False
2023-08-23,52.36,False
2023-08-24,68.0,False
2023-08-25,58.48,False
2023-08-26,38.08,False
2023-08-27,35.36,False
2023-08-28,52.36,False
2023-08-29,55.08,False
2023-08-30,51.68,False
2023-08-31,47.6,False
2023-09-01,47.6,False
2023-09-02,34.0,False
2023-09-03,36.72,False
2023-09-04,47.6,False
2023-09-05,57.8,False
2023-09-06,57.12,False
2023-09-07,59.16,False
2023-09-08,56.44,False
2023-09-09,38.76,False
2023-09-10,36.72,False
2023-09-11,58.48,False
2023-09-12,58.48,False
2023-09-13,59.16,False
2023-09-14,57.12,False
2023-09-15,54.4,False
2023-09-16,33.32,False
2023-09-17,36.04,False
2023-09-18,52.36,False
2023-09-19,56.44,False
2023-09-20,57.8,False
2023-09-21,55.08,False
2023-09-22,46.92,False
2023-09-23,38.76,False
2023-09-24,40.8,False
2023-09-25,68.0,False
2023-09-26,59.16,False
2023-09-27,55.08,False
2023-09-28,46.92,False
2023-09-29,47.6,False
2023-09-30,34.68,False
2023-10-01,32.64,False
2023-10-02,48.0,False
2023-10-03,54.4,False
2023-10-04,56.32,False
2023-10-05,54.4,False
2023-10-06,46.08,False
2023-10-07,34.56,False
2023-10-08,33.92,False
2023-10-09,49.92,False
2023-10-10,56.32,False
2023-10-11,56.32,False
2023-10-12,56.32,False
2023-10-13,49.28,False
2023-10-14,31.36,False
2023-10-15,36.48,False
2023-10-16,55.68,False
2023-10-17,58.88,False
2023-10-18,55.04,False
2023-10-19,53.12,False
2023-10-20,48.0,False
2023-10-21,33.92,False
2023-10-22,30.08,False
2023-10-23,43.52,False
2023-10-24,47.36,False
2023-10-25,57.6,False
2023-10-26,55.68,False
2023-10-27,48.0,False
2023-10-28,32.64,False
2023-10-29,35.2,False
2023-10-30,64.0,False
2023-10-31,62.08,False
2023-11-01,61.88,False
2023-11-02,61.2,False
2023-11-03,61.2,False
2023-11-04,36.04,False
2023-11-05,38.08,False
2023-11-06,65.96,False
2023-11-07,61.2,False
2023-11-08,63.24,False
2023-11-09,59.16,False
2023-11-10,48.28,False
2023-11-11,34.0,False
2023-11-12,30.6,False
2023-11-13,52.36,False
2023-11-14,60.52,False
2023-11-15,60.52,False
2023-11-16,59.16,False
2023-11-17,54.4,False
2023-11-18,38.76,False
2023-11-19,33.32,False
2023-11-20,66.64,False
2023-11-21,61.88,False
2023-11-22,63.92,False
2023-11-23,52.36,False
2023-11-24,48.28,False
2023-11-25,43.52,False
2023-11-26,40.12,False
2023-11-27,55.08,False
2023-11-28,66.64,False
2023-11-29,68.0,False
2023-11-30,63.92,False
2023-12-01,58.1,False
2023-12-02,44.1,False
2023-12-03,35.7,False
2023-12-04,62.3,False
2023-12-05,60.2,False
2023-12-06,65.1,False
2023-12-07,65.1,False
2023-12-08,62.3,False
2023-12-09,50.4,False
2023-12-10,46.9,False
2023-12-11,65.8,False
2023-12-12,70.0,False
2023-12-13,68.6,False
2023-12-14,70.0,False
2023-12-15,64.4,False
2023-12-16,42.7,False
2023-12-17,46.9,False
2023-12-18,65.8,False
2023-12-19,67.2,False
2023-12-20,55.3,False
2023-12-21,56.7,False
2023-12-22,46.9,False
2023-12-23,38.5,False
2023-12-24,32.9,False
2023-12-25,42.0,False
2023-12-26,50.4,False
2023-12-27,53.2,False
2023-12-28,52.5,False
2023-12-29,48.3,False
2023-12-30,40.6,False
2023-12-31,33.6,False
